pff_PLAYID,pff_GAMEID,pff_GAMEDATE,pff_GAMESEASON,pff_WEEK,pff_GSISGAMEKEY,pff_GSISPLAYID,pff_QUARTER,pff_DOWN,pff_CLOCK,pff_BLITZDOG,pff_CATCHABLE,pff_DEEPPASS,pff_DEFSCORE,pff_DRAW,pff_DRIVE,pff_DRIVEPLAY,pff_GAINLOSS,pff_GARBAGETIME,pff_FIRST_DOWN_GAINED,pff_GETOFFTIME,pff_KICKYARDS,pff_NOHUDDLE,pff_NOPLAY,pff_OFFFORMATIONUNBALANCED,pff_OFFSCORE,pff_OPTION,pff_PENALTYYARDS,pff_PLAYACTION,pff_PREVIOUSPFFPLAYID,pff_NEXTPFFPLAYID,pff_RETURNYARDS,pff_SCORE,pff_SCREEN,pff_SNAPTIME,pff_SORTORDER,pff_STUNT,pff_TIMETOPRESSURE,pff_TIMETOTHROW,pff_TRICKLOOK,pff_TRICKPLAY,pff_YARDSAFTERCATCH,pff_YARDSAFTERCONTACT,pff_2MINUTE,pff_3MINUTE,pff_BALLCARRIER,pff_BOXPLAYERS,pff_BUNCHED,pff_CENTERPASSBLOCKDIRECTION,pff_CHECKROUTE,pff_CHIPROUTE,pff_DBDEPTH,pff_DEFFRONT,pff_DEFPERSONNEL,pff_DEFPLAYERS,pff_DEFPLAYERSRATINGS,pff_DEFSUBSTITUTIONS,pff_DEFSUCCESS,pff_DEFTEAM,pff_DISTANCE,pff_DLDROP,pff_DLTECHNIQUES,pff_DOUBLETEAM,pff_DRIVEENDEVENT,pff_DRIVEENDFIELDPOSITION,pff_DRIVEENDPLAYNUMBER,pff_DRIVESTARTEVENT,pff_DRIVESTARTFIELDPOSITION,pff_DROPBACKDEPTH,pff_DROPBACKTYPE,pff_FIELDPOSITION,pff_FIRSTCONTACT,pff_FORCEDFUMBLE,pff_FUMBLE,pff_FUMBLERECOVERY,pff_GAINLOSSNET,pff_GUNNERS,pff_HANGTIME,pff_HASH,pff_HASHDEF,pff_HIT,pff_HURRY,pff_INCOMPLETIONTYPE,pff_INJURED,pff_INTERCEPTION,pff_KEYPLAYERS,pff_KICKCONTACT,pff_KICKDEPTH,pff_KICKDIRACTUAL,pff_KICKDIRINTENDED,pff_KICKER,pff_KICKRESULT,pff_KICKTYPE,pff_KICKWIDTH,pff_KICKZONE,pff_LBDEPTH,pff_MISSEDTACKLE,pff_MOFOCPLAYED,pff_MOFOCSHOWN,pff_NEGATIVEPFFGRADE,pff_OFFFORMATION,pff_OFFFORMATIONGROUP,pff_OFFODDITIES,pff_OFFPERSONNEL,pff_OFFPERSONNELBASIC,pff_OFFPERSONNELSKILL,pff_OFFPLAYERS,pff_OFFPLAYERSRATINGS,pff_OFFSUBSTITUTIONS,pff_OFFSUCCESS,pff_OFFTEAM,pff_ONLOS,pff_OPERATIONTIME,pff_PASSBLOCKING,pff_PASSBREAKUP,pff_PASSCOVERAGE,pff_PASSCOVERAGE1,pff_PASSCOVERAGE2,pff_PASSCOVERAGEPLAYERS,pff_PASSDEPTH,pff_PASSDIRECTION,pff_PASSER,pff_PASSPATTERN,pff_PASSPATTERNBASIC,pff_PASSPATTERNBYPLAYER,pff_PASSRECEIVERPOSITIONTARGET,pff_PASSRECEIVERTARGET,pff_PASSRESULT,pff_PASSROUTETARGET,pff_PASSROUTETARGETGROUP,pff_PASSRUSHPLAYERS,pff_PASSRUSHRESULT,pff_PASSWIDTH,pff_PASSZONE,pff_PENALTY,pff_PISTOL,pff_PLAYACTIONFAKE,pff_PLAYENDFIELDPOSITION,pff_POAACTUAL,pff_POACHANGEREASON,pff_POAINTENDED,pff_POSITIVEPFFGRADE,pff_PRESS,pff_PRESSUREDETAIL,pff_PUMPFAKE,pff_PUNTRUSH,pff_PURSUIT,pff_QB,pff_QBMOVEDOFFSPOT,pff_QBPRESSURE,pff_QBPRESSUREALLOWED,pff_QBRESET,pff_QBSCRAMBLE,pff_RBALIGNMENT,pff_RBDEPTH,pff_RBDIRECTION,pff_RBSINBACKFIELD,pff_RETDIRECTIONINTENDED,pff_RETURNDIRECTION,pff_RETURNER,pff_RUNCONCEPTPRIMARY,pff_RUNCONCEPTSECONDARY,pff_RUNPASS,pff_SACK,pff_SCOREDIFFERENTIAL,pff_SHIFTMOTION,pff_SHOTGUN,pff_SPECIALTEAMSTYPE,pff_STOP,pff_STSAFETIES,pff_TACKLE,pff_TACKLEASSIST,pff_TEALIGNMENT,pff_TOUCHDOWN,pff_UNBLOCKEDPRESSURE,pff_VISE,pff_WRALIGNMENT,pff_CONTESTED,pff_RUNPASSOPTION,pff_PLAYCLOCK,pff_HAIL_MARY,pff_BUSTED_COVERAGE,pff_TURNOVER,pff_NON_TACKLE_TYPE,pff_TEMPO,pff_DEF_TIMEOUTS_REMAINING,pff_OFF_TIMEOUTS_REMAINING,pff_EXPECTED_POINTS,pff_EXPECTED_POINTS_ADDED,pff_ROUTE_THROWN,pff_SIDELINE_CHECK,pff_OFF_PERSONNEL_GROUP,pff_RBS_ON_FIELD,pff_TES_ON_FIELD,pff_WRS_ON_FIELD,pff_BACKSET,pff_OFFENSIVE_FORMATION_NAME,pff_STARTING_OFFENSIVE_FORMATION,pff_STARTING_OFFENSIVE_FORMATION_GROUP,pff_STARTING_OFFENSIVE_FORMATION_NAME,pff_DEF_PACKAGE,pff_DBS_ON_FIELD,pff_LBS_ON_FIELD,pff_DLS_ON_FIELD,pff_DEFENSIVE_FRONT_NAME,pff_MUG_LOOK,pff_PASS_COVERAGE_BASIC,pff_KICKOFF_RETURN_CONCEPT,pff_YARDS_TO_GOAL_LINE,pff_FGOPTIME,pff_EXPECTED_POINTS_LEGACY,pff_EXPECTED_POINTS_ADDED_LEGACY,pff_TEAMWORKS_PLAY_ID,pff_DRIVEID
6319541,28748,2025-08-28,2025,01,407563,41,1,0,15:00,0,,0,0,0,,,49,0,,,49,0,0,0,0,0,,0,,6319554,4,0.00,0,,1,0,,,0,0,,0,0,0,PASF 04,,,,,,,5-5,,LANE D03 (R4); LANE D07 (R2); LANE D09 (L4); LANE D12 (L5); LANE D16 (R1); LANE D19 (R3); LANE D21 (L3); LANE D24 (R5); LANE D27 (L2); LANE D38 (L1); LANE S43 (PK),LANE D03 (+0.5); LANE D07 (0.0); LANE D09 (+0.5); LANE D12 (-0.5); LANE D16 (+0.5); LANE D19 (0.0); LANE D21 (0.0); LANE D24 (0.0); LANE D27 (0.0); LANE D38 (0.0); LANE S43 (0.0),,,LANE,0,,,PASF 81 (LF1); PASF 88 (LF3); LANE D03 (R4),,,,,,,,-35,,,,,45,,2.97,R,L,,,,,,LANE D03 (R4); LANE D09 (L4); LANE D12 (L5); LANE D16 (R1); PASF 20 (RF3); PASF 21 (RF1); PASF 26 (MF),CFFG,45,R,R,LANE S43,RETURNED,D,50,6R,,,,,LANE D12; PASF 20; PASF 21,,7-0-2,,,,,PASF 04 (KR-L); PASF 12 (RF2); PASF 20 (RF3); PASF 21 (RF1); PASF 22 (KR-R); PASF 26 (MF); PASF 81 (LF1); PASF 82 (LB); PASF 88 (LF3); PASF D11 (LF2); PASF D34 (RB),PASF 04 (0.0); PASF 12 (0.0); PASF 20 (-0.5); PASF 21 (-0.5); PASF 22 (0.0); PASF 26 (+0.5); PASF 81 (0.0); PASF 82 (0.0); PASF 88 (0.0); PASF D11 (0.0); PASF D34 (0.0),,,PASF,,,,,,,,,,,,,,,,,,,,,,,,,,,+20,,,,LANE D03; LANE D09; LANE D16; PASF 26,,,0,,,,0,,,0,,,,,,L,L,PASF 04; PASF 22,,,,,0,,,KICKOFF,,2; LANE D16 (R1); LANE D38 (L1),LANE D16,LANE D03,,,,,,,0,,0,0,0,,false,3,3,0.0,0.146,,false,,,,,,,,,,,,,,,,,,65,,0.0,0.146,28748_6319541,
6320083,28748,2025-08-28,2025,01,407563,421,1,0,09:25,0,,0,0,0,,,,0,,,,0,0,0,6,0,,0,6320076,6320208,,6.00,0,,15,0,,,0,0,,,0,0,,,,,,,,5-4,,PASF D00 (FR2); PASF D02 (FL2); PASF D05 (FBL2); PASF D07 (FL3); PASF D08 (FL4); PASF D12 (FL1); PASF D19 (FBL1); PASF D27 (FR1); PASF D33 (FR3); PASF D76 (FL6); PASF D95 (FL5),PASF D00 (0.0); PASF D02 (0.0); PASF D05 (0.0); PASF D07 (0.0); PASF D08 (0.0); PASF D12 (0.0); PASF D19 (0.0); PASF D27 (0.0); PASF D33 (0.0); PASF D76 (0.0); PASF D95 (0.0),,,PASF,0,,,,,,,,,,,+3,,,,,0,,,C,C,,,,,,,,,,,LANE S43,MADE - M,,,,,,,,,,,,,,,LANE 15 (FRW); LANE 54 (FLT); LANE 56 (FRG); LANE 58 (FLG); LANE 64 (FLE); LANE 77 (FRT); LANE 85 (FRE); LANE D46 (FLW); LANE S33 (H); LANE S43 (FK); LANE S48 (FLS),LANE 15 (0.0); LANE 54 (0.0); LANE 56 (0.0); LANE 58 (0.0); LANE 64 (0.0); LANE 77 (0.0); LANE 85 (0.0); LANE D46 (0.0); LANE S33 (0.0); LANE S43 (0.0); LANE S48 (0.0),,,LANE,LANE 54; LANE 56; LANE 58; LANE 64; LANE 77; LANE D46; LANE S48,,,,,,,,,,,,,,,,,,,,,,,,,,+3,,,,,,,0,,,,0,,,0,,,,,,,,,,,,,+6,,,EXTRA POINT,,3; PASF D05 (FBL2); PASF D19 (FBL1); PASF D27 (FR1),,,,,,,,,0,20,0,0,0,,false,3,3,0.0,0.0,,false,,,,,,,,,,,,,,,,,,3,1.51,0.0,0.0,28748_6320083,
6320208,28748,2025-08-28,2025,01,407563,441,1,0,09:25,0,,0,7,0,,,56,0,,,56,0,0,0,0,0,,0,6320083,6320247,4,7.00,0,,16,0,,,0,0,,0,0,0,PASF 04,,,,,,,5-5,,LANE D03 (R4); LANE D07 (R2); LANE D09 (L4); LANE D12 (L5); LANE D16 (R1); LANE D19 (R3); LANE D21 (L3); LANE D24 (R5); LANE D27 (L2); LANE D38 (L1); LANE S43 (PK),LANE D03 (+0.5); LANE D07 (0.0); LANE D09 (0.0); LANE D12 (0.0); LANE D16 (0.0); LANE D19 (0.0); LANE D21 (+0.5); LANE D24 (0.0); LANE D27 (-0.5); LANE D38 (0.0); LANE S43 (0.0),,,LANE,0,,,PASF 81 (LF1); PASF 88 (LF3); LANE D03 (R4),,,,,,,,-35,,,,PASF 04,52,,3.53,R,L,,,,,,LANE D03 (R4); LANE D21 (L3); LANE D27 (L2); PASF 04 (KR-L); PASF 12 (RF2); PASF 21 (RF1),MBDR,56,C,C,LANE S43,RETURNED,D,29,4,,,,,LANE D27; PASF 04; PASF 12; PASF 21,,7-0-2,,,,,PASF 04 (KR-L); PASF 12 (RF2); PASF 20 (RF3); PASF 21 (RF1); PASF 22 (KR-R); PASF 26 (MF); PASF 81 (LF1); PASF 82 (LB); PASF 88 (LF3); PASF D11 (LF2); PASF D34 (RB),PASF 04 (-0.5); PASF 12 (-0.5); PASF 20 (0.0); PASF 21 (-0.5); PASF 22 (0.0); PASF 26 (0.0); PASF 81 (0.0); PASF 82 (0.0); PASF 88 (0.0); PASF D11 (0.0); PASF D34 (0.0),,,PASF,,,,,,,,,,,,,,,,,,,,,,,,,,,+13,,,,LANE D03; LANE D21,,,0,,,,0,,,0,,,,,,C,R,PASF 04; PASF 22,,,,,-7,,,KICKOFF,,2; LANE D16 (R1); LANE D38 (L1),LANE D03,,,,,,,,0,11,0,0,0,,false,3,3,0.0,0.782,,false,,,,,,,,,,,,,,,,,,65,,0.0,0.782,28748_6320208,
6320713,28748,2025-08-28,2025,01,407563,935,1,4,00:43,0,,0,0,0,,,49,0,,,49,0,0,0,7,0,,0,6320656,6320755,,7.00,0,,33,0,,,0,0,,,0,0,,,,,,,,5-4,,PASF D00 (FL2); PASF D02 (FR2); PASF D05 (FBL); PASF D08 (FR3); PASF D12 (FL1); PASF D19 (FBR); PASF D27 (FR1); PASF D33 (FL3); PASF D76 (FR5); PASF D95 (FR4),PASF D00 (0.0); PASF D02 (0.0); PASF D05 (0.0); PASF D08 (0.0); PASF D12 (0.0); PASF D19 (0.0); PASF D27 (0.0); PASF D33 (0.0); PASF D76 (0.0); PASF D95 (0.0),,,PASF,7,,,,,,,,,,,+31,,,,,0,,,R,L,,,,,,LANE S43 (FK),,,,,LANE S43,MISSED - S,,,,,,,,LANE S43,,,,,,,LANE 15 (FLE); LANE 54 (FRT); LANE 56 (FRG); LANE 58 (FLG); LANE 64 (FRE); LANE 77 (FLT); LANE 85 (FLW); LANE D46 (FRW); LANE S33 (H); LANE S43 (FK); LANE S48 (FLS),LANE 15 (0.0); LANE 54 (0.0); LANE 56 (0.0); LANE 58 (0.0); LANE 64 (0.0); LANE 77 (0.0); LANE 85 (0.0); LANE D46 (0.0); LANE S33 (0.0); LANE S43 (-0.5); LANE S48 (0.0),,,LANE,LANE 54; LANE 56; LANE 58; LANE 64; LANE 77; LANE D46; LANE S48,,,,,,,,,,,,,,,,,,,,,,,,,,+31,,,,,,,0,,,,0,,,0,,,,,,,,,,,,,+7,,,FIELD GOAL,,4; PASF D02 (FR2); PASF D05 (FBL); PASF D12 (FL1); PASF D19 (FBR),,,,,,,,,0,16,0,0,0,,false,3,2,1.316,-2.165,,false,,,,,,,,,,,,,,,,,,31,1.61,1.316,-2.165,28748_6320713,
6321339,28748,2025-08-28,2025,01,407563,1162,2,4,13:54,0,,0,0,0,,,45,0,,1.38,45,0,0,0,7,0,,0,6321331,6321343,,7.00,0,1.01,41,0,,,0,0,,,0,0,,8; PASF 12; PASF 20; PASF 21; PASF 26; PASF D02; PASF D07; PASF D34; PASF D36,,,,,,6-2,,PASF 04 (PR); PASF 12 (PDR1); PASF 20 (PDL1); PASF 21 (PDL2); PASF 26 (PDL3); PASF D02 (PLR); PASF D07 (PLL); PASF D12 (VR); PASF D24 (VL); PASF D34 (PDR2); PASF D36 (PDR3),PASF 04 (0.0); PASF 12 (0.0); PASF 20 (0.0); PASF 21 (0.0); PASF 26 (0.0); PASF D02 (0.0); PASF D07 (0.0); PASF D12 (0.0); PASF D24 (0.0); PASF D34 (0.0); PASF D36 (0.0),,,PASF,15,,,,,,,,,,,+45,,,,,25,LANE D20 (GLx); LANE D12 (GRx),3.96,R,L,,,,,,LANE S47 (P); LANE S48 (PLS),BF,43,R,R,LANE S47,TOUCHBACK,A,39,5R,,,,,LANE S47; LANE S48,,,,,,,LANE 82 (PPRo); LANE D03 (PRT); LANE D12 (GR); LANE D16 (PLT); LANE D17 (PPL); LANE D20 (GL); LANE D41 (PPRi); LANE D46 (PLG); LANE D54 (PRG); LANE S47 (P); LANE S48 (PLS),LANE 82 (0.0); LANE D03 (0.0); LANE D12 (0.0); LANE D16 (0.0); LANE D17 (0.0); LANE D20 (0.0); LANE D41 (0.0); LANE D46 (0.0); LANE D54 (0.0); LANE S47 (-1.0); LANE S48 (-0.5),,,LANE,LANE D03; LANE D12; LANE D16; LANE D20; LANE D46; LANE D54; LANE S48,2.39,,,,,,,,,,,,,,,,,,,,,,,,,+20,,,,,,,0,2; PASF 12 (PDR1); PASF 20 (PDL1),,,0,,,0,,L,,,,,,PASF 04,,,,,+7,,,PUNT,,,,,,,,PASF D24 (VL); PASF D12 (VR),,,0,5,0,0,0,,false,3,2,0.482,-0.336,,false,,,,,,,,,,,,,,,,,,45,,0.482,-0.336,28748_6321339,
6321503,28748,2025-08-28,2025,01,407563,1475,2,4,08:37,0,,0,0,0,,,51,0,,1.34,51,0,0,0,7,0,,0,6321472,6321598,,7.00,0,0.99,53,0,,,0,0,,,0,0,,9; PASF 07; PASF 12; PASF 20; PASF 21; PASF 26; PASF D02; PASF D12; PASF D34; PASF D36,,,,,,8-1,,PASF 04 (PR); PASF 07 (PDL1); PASF 12 (PDR1); PASF 20 (PDL2); PASF 21 (PDL4); PASF 26 (PDL5); PASF D02 (PDL3); PASF D12 (PLR); PASF D29 (VR); PASF D34 (PDR2); PASF D36 (PDR3),PASF 04 (0.0); PASF 07 (0.0); PASF 12 (0.0); PASF 20 (0.0); PASF 21 (0.0); PASF 26 (0.0); PASF D02 (0.0); PASF D12 (0.0); PASF D29 (0.0); PASF D34 (0.0); PASF D36 (0.0),,,PASF,20,,,,,,,,,,,-25,,,,,51,LANE D22 (GLx); LANE D12 (GR),3.72,R,L,,,,,,LANE S47 (P),BF,40,R,R,LANE S47,DOWNED,A,39,5R,,,,,LANE S47,,,,,,,LANE 82 (PPRo); LANE D03 (PRT); LANE D12 (GR); LANE D16 (PLT); LANE D17 (PPL); LANE D22 (GL); LANE D41 (PPRi); LANE D46 (PLG); LANE D54 (PRG); LANE S33 (PLS); LANE S47 (P),LANE 82 (0.0); LANE D03 (0.0); LANE D12 (0.0); LANE D16 (0.0); LANE D17 (0.0); LANE D22 (0.0); LANE D41 (0.0); LANE D46 (0.0); LANE D54 (0.0); LANE S33 (0.0); LANE S47 (-0.5),,,LANE,LANE D03; LANE D12; LANE D16; LANE D22; LANE D46; LANE D54; LANE S33,2.33,,,,,,,,,,,,,,,,,,,,,,,,,+24,,,,,,,0,3; PASF 20 (PDL2); PASF 26 (PDL5); PASF D02 (PDL3),,,0,,,0,,L,,,,,,PASF 04,,,,,+7,,,PUNT,,,,,,,,PASF D29 (VR),,,0,,0,0,0,,false,3,2,-1.335,1.116,,false,,,,,,,,,,,,,,,,,,75,,-1.335,1.116,28748_6321503,
6321961,28748,2025-08-28,2025,01,407563,1864,2,4,02:00,0,,0,0,0,,,32,0,,,32,0,0,0,7,0,,0,6321854,6321985,,7.00,0,,68,0,,,0,0,,,0,0,,,,,,,,5-4,,PASF D00 (FL1); PASF D02 (FR2); PASF D05 (FBR2); PASF D07 (FR3); PASF D08 (FR4); PASF D19 (FBR1); PASF D24 (FBL); PASF D29 (FR1); PASF D33 (FL2); PASF D76 (FR6); PASF D95 (FR5),PASF D00 (0.0); PASF D02 (0.0); PASF D05 (0.0); PASF D07 (0.0); PASF D08 (0.0); PASF D19 (0.0); PASF D24 (0.0); PASF D29 (0.0); PASF D33 (0.0); PASF D76 (0.0); PASF D95 (0.0),,,PASF,12,,,,,,,,,,,+14,,,,,0,,,R,L,,,,,,LANE S43 (FK),,,,,LANE S43,MADE - IR,,,,,,,,,,,,,,,LANE 15 (FLE); LANE 54 (FRT); LANE 56 (FRG); LANE 58 (FLG); LANE 64 (FRE); LANE 77 (FLT); LANE 85 (FLW); LANE D46 (FRW); LANE S33 (H); LANE S43 (FK); LANE S48 (FLS),LANE 15 (0.0); LANE 54 (0.0); LANE 56 (0.0); LANE 58 (0.0); LANE 64 (0.0); LANE 77 (0.0); LANE 85 (0.0); LANE D46 (0.0); LANE S33 (0.0); LANE S43 (0.0); LANE S48 (0.0),,,LANE,LANE 54; LANE 56; LANE 58; LANE 64; LANE 77; LANE D46; LANE S48,,,,,,,,,,,,,,,,,,,,,,,,,,+14,,,,,,,0,,,,0,,,0,,,,,,,,,,,,,+7,,,FIELD GOAL,,4; PASF D00 (FL1); PASF D05 (FBR2); PASF D19 (FBR1); PASF D24 (FBL),,,,,,,,,0,17,0,0,0,,false,3,2,2.531,0.469,,false,,,,,,,,,,,,,,,,,,14,1.62,2.531,0.469,28748_6321961,
6321985,28748,2025-08-28,2025,01,407563,1887,2,0,01:55,0,,0,10,0,,,53,0,,,53,0,0,0,0,0,,0,6321961,6322057,7,10.00,0,,69,0,,,0,0,,1,0,0,PASF 04,,,,,,,5-5,,LANE D03 (R4); LANE D07 (R2); LANE D12 (L5); LANE D16 (R1); LANE D19 (R3); LANE D21 (L3); LANE D23 (L4); LANE D24 (R5); LANE D27 (L2); LANE D38 (L1); LANE S43 (PK),LANE D03 (0.0); LANE D07 (0.0); LANE D12 (0.0); LANE D16 (+0.5); LANE D19 (-0.5); LANE D21 (0.0); LANE D23 (0.0); LANE D24 (0.0); LANE D27 (0.0); LANE D38 (0.0); LANE S43 (0.0),,,LANE,0,,,PASF 20 (RF3); PASF 21 (RF1); PASF 81 (LF1); PASF 88 (LF3); LANE D03 (R4); LANE D21 (L3),,,,,,,,-35,,,,PASF 04,46,,3.48,R,L,,,,,,LANE D16 (R1); LANE D19 (R3); PASF 04 (KR),MBDR,52,R,R,LANE S43,RETURNED,D,40,5R,,LANE D19,,,LANE D19; PASF 04,,7-0-2,,,,,PASF 04 (KR); PASF 12 (RF2); PASF 20 (RF3); PASF 21 (RF1); PASF 22 (KFB-R); PASF 26 (MF); PASF 81 (LF1); PASF 82 (LB); PASF 88 (LF3); PASF D11 (LF2); PASF D34 (RB),PASF 04 (-0.5); PASF 12 (0.0); PASF 20 (0.0); PASF 21 (0.0); PASF 22 (0.0); PASF 26 (0.0); PASF 81 (0.0); PASF 82 (0.0); PASF 88 (0.0); PASF D11 (0.0); PASF D34 (0.0),,,PASF,,,,,,,,,,,,,,,,,,,,,,,,,,,+19,,,,LANE D16,,,0,,,,0,,,0,,,,,,L,L,PASF 04,,,,,-10,,,KICKOFF,,2; LANE D16 (R1); LANE D38 (L1),LANE D16,,,,,,,,0,12,0,0,0,,false,2,3,0.0,0.238,,false,,,,,,,,,,,,,,,,,,65,,0.0,0.238,28748_6321985,
6322873,28748,2025-08-28,2025,01,407563,2445,3,0,09:37,0,,0,0,0,,,,0,,,,0,0,0,16,0,,0,6322870,6322936,,16.00,0,,90,0,,,0,0,,,0,0,,,,,,,,5-4,,PASF D00 (FL2); PASF D02 (FR2); PASF D05 (FBL); PASF D07 (FR3); PASF D08 (FR4); PASF D12 (FL1); PASF D19 (FBR); PASF D24 (FR1); PASF D33 (FL3); PASF D76 (FR6); PASF D95 (FR5),PASF D00 (0.0); PASF D02 (0.0); PASF D05 (0.0); PASF D07 (0.0); PASF D08 (0.0); PASF D12 (0.0); PASF D19 (0.0); PASF D24 (0.0); PASF D33 (0.0); PASF D76 (0.0); PASF D95 (0.0),,,PASF,0,,,,,,,,,,,+3,,,,,0,,,C,C,,,,,,,,,,,LANE S43,MADE - M,,,,,,,,,,,,,,,LANE 15 (FRE); LANE 54 (FLT); LANE 56 (FRG); LANE 58 (FLG); LANE 64 (FLE); LANE 77 (FRT); LANE 85 (FRW); LANE D46 (FLW); LANE S33 (H); LANE S43 (FK); LANE S48 (FLS),LANE 15 (0.0); LANE 54 (0.0); LANE 56 (0.0); LANE 58 (0.0); LANE 64 (0.0); LANE 77 (0.0); LANE 85 (0.0); LANE D46 (0.0); LANE S33 (0.0); LANE S43 (0.0); LANE S48 (0.0),,,LANE,LANE 54; LANE 56; LANE 58; LANE 64; LANE 77; LANE D46; LANE S48,,,,,,,,,,,,,,,,,,,,,,,,,,+3,,,,,,,0,,,,0,,,0,,,,,,,,,,,,,+16,,,EXTRA POINT,,4; PASF D00 (FL2); PASF D05 (FBL); PASF D12 (FL1); PASF D19 (FBR),,,,,,,,,0,13,0,0,0,,false,3,3,0.0,0.0,,false,,,,,,,,,,,,,,,,,,3,1.57,0.0,0.0,28748_6322873,
6322936,28748,2025-08-28,2025,01,407563,2465,3,0,09:37,0,,0,17,0,,,53,0,,,53,0,0,0,0,0,,0,6322873,6322955,17,17.00,0,,91,0,,,0,0,,2,0,0,PASF 22,,,,,,,5-5,,LANE D07 (R2); LANE D12 (L5); LANE D16 (R1); LANE D19 (R3); LANE D21 (L3); LANE D23 (L4); LANE D24 (R5); LANE D27 (L2); LANE D38 (L1); LANE D54 (R4); LANE S43 (PK),LANE D07 (0.0); LANE D12 (0.0); LANE D16 (0.0); LANE D19 (0.0); LANE D21 (0.0); LANE D23 (+0.5); LANE D24 (0.0); LANE D27 (+0.5); LANE D38 (0.0); LANE D54 (0.0); LANE S43 (0.0),,,LANE,0,,,PASF 81 (LF1); PASF 88 (LF3); LANE D19 (R3),,,,,,,,-35,,,,,36,,3.47,R,L,,,,,,LANE D23 (L4); LANE D27 (L2); PASF 20 (RF3),CC,53,C,C,LANE S43,RETURNED,D,35,5R,,,,,PASF 20,,7-0-2,,,,,PASF 04 (KFB); PASF 12 (RF2); PASF 20 (RF3); PASF 21 (RF1); PASF 22 (KR-L); PASF 26 (MF); PASF 81 (LF1); PASF 82 (LB); PASF 88 (LF3); PASF D11 (LF2); PASF D34 (RB),PASF 04 (0.0); PASF 12 (0.0); PASF 20 (-0.5); PASF 21 (0.0); PASF 22 (0.0); PASF 26 (0.0); PASF 81 (0.0); PASF 82 (0.0); PASF 88 (0.0); PASF D11 (0.0); PASF D34 (0.0),,,PASF,,,,,,,,,,,,,,,,,,,,,,,,,,,+29,,,,LANE D23; LANE D27,,,0,,,,0,,,0,,,,,,L,L,PASF 22,,,,,-17,,,KICKOFF,,2; LANE D16 (R1); LANE D38 (L1),LANE D27,,,,,,,,0,,0,0,0,,false,3,3,0.0,-0.671,,false,,,,,,,,,,,,,,,,,,65,,0.0,-0.671,28748_6322936,
6323439,28748,2025-08-28,2025,01,407563,3226,4,0,12:00,0,,0,0,0,,,,0,,,,0,0,0,23,0,,0,6323426,6323529,,23.00,0,,118,0,,,0,0,,,0,0,,,,,,,,5-4,,PASF D00 (FR2); PASF D02 (FL2); PASF D05 (FBL); PASF D07 (FL3); PASF D08 (FL4); PASF D19 (FBM); PASF D24 (FL1); PASF D29 (FR1); PASF D33 (FR3); PASF D76 (FL6); PASF D95 (FL5),PASF D00 (0.0); PASF D02 (0.0); PASF D05 (0.0); PASF D07 (+1.0); PASF D08 (0.0); PASF D19 (0.0); PASF D24 (0.0); PASF D29 (0.0); PASF D33 (0.0); PASF D76 (0.0); PASF D95 (0.0),,,PASF,0,,,,,,,,,,,+3,,,,,0,,,C,C,,,,,,PASF D07 (FL3),,,,,LANE S43,MISSED - B,,,,,,,,,,,,,,,LANE 15 (FRE); LANE 54 (FLT); LANE 56 (FRG); LANE 58 (FLG); LANE 64 (FLE); LANE 77 (FRT); LANE 85 (FRW); LANE D46 (FLW); LANE S33 (H); LANE S43 (FK); LANE S48 (FLS),LANE 15 (0.0); LANE 54 (0.0); LANE 56 (0.0); LANE 58 (0.0); LANE 64 (0.0); LANE 77 (0.0); LANE 85 (0.0); LANE D46 (0.0); LANE S33 (0.0); LANE S43 (0.0); LANE S48 (0.0),,,LANE,LANE 54; LANE 56; LANE 58; LANE 64; LANE 77; LANE D46; LANE S48,,,,,,,,,,,,,,,,,,,,,,,,,,+3,,,,PASF D07,,,0,,,,0,,,0,,,,,,,,,,,,,+23,,,EXTRA POINT,,4; PASF D00 (FR2); PASF D05 (FBL); PASF D19 (FBM); PASF D29 (FR1),,,,,,,,,0,14,0,0,0,,false,1,3,0.0,-1.0,,false,,,,,,,,,,,,,,,,,,3,1.56,0.0,-1.0,28748_6323439,
6323529,28748,2025-08-28,2025,01,407563,3251,4,0,12:00,0,,0,23,0,,,47,0,,,47,0,0,0,0,0,,0,6323439,6323533,6,23.00,0,,119,0,,,0,0,,0,0,0,PASF 22,,,,,,,5-5,,LANE D03 (R4); LANE D07 (R2); LANE D12 (L5); LANE D16 (R1); LANE D19 (R3); LANE D20 (L2); LANE D21 (L3); LANE D23 (L4); LANE D24 (R5); LANE D38 (L1); LANE S43 (PK),LANE D03 (0.0); LANE D07 (0.0); LANE D12 (-0.5); LANE D16 (0.0); LANE D19 (+0.5); LANE D20 (0.0); LANE D21 (-0.5); LANE D23 (+0.5); LANE D24 (0.0); LANE D38 (0.0); LANE S43 (0.0),,,LANE,0,,,PASF 81 (LF1); PASF 88 (LF3); LANE D19 (R3),,,,,,,,-35,,,,,41,,3.33,R,L,,,,,,LANE D12 (L5); LANE D19 (R3); LANE D21 (L3); LANE D23 (L4); PASF 04 (KFB); PASF 12 (RF2); PASF 81 (LF1),CC,47,R,R,LANE S43,RETURNED,P,41,5R,,,,,LANE D12; LANE D21; PASF 81,,7-0-2,,,,,PASF 04 (KFB); PASF 12 (RF2); PASF 20 (RF3); PASF 21 (RF1); PASF 22 (KR-L); PASF 26 (MF); PASF 81 (LF1); PASF 82 (LB); PASF 88 (LF3); PASF D11 (LF2); PASF D34 (RB),PASF 04 (+0.5); PASF 12 (+0.5); PASF 20 (0.0); PASF 21 (0.0); PASF 22 (0.0); PASF 26 (0.0); PASF 81 (-0.5); PASF 82 (0.0); PASF 88 (0.0); PASF D11 (0.0); PASF D34 (0.0),,,PASF,,,,,,,,,,,,,,,,,,,,,,,,,,,+24,,,,LANE D19; LANE D23; PASF 04; PASF 12,,,0,,,,0,,,0,,,,,,C,C,PASF 22,,,,,-23,,,KICKOFF,,2; LANE D16 (R1); LANE D38 (L1),LANE D23,,,,,,,,0,,0,0,0,,false,3,1,0.0,-0.219,,false,,,,,,,,,,,,,,,,,,65,,0.0,-0.219,28748_6323529,
6323818,28748,2025-08-28,2025,01,407563,3655,4,0,04:39,0,,0,0,0,,,,1,,,,0,0,0,29,0,,0,6323807,6323836,,29.00,0,,134,0,,,0,0,,,0,0,,,,,,,,5-4,,PASF D00 (FR2); PASF D02 (FL2); PASF D05 (FBM); PASF D07 (FL3); PASF D10 (FL4); PASF D19 (FBL); PASF D24 (FL1); PASF D29 (FR1); PASF D33 (FR3); PASF D76 (FL6); PASF D95 (FL5),PASF D00 (0.0); PASF D02 (0.0); PASF D05 (0.0); PASF D07 (0.0); PASF D10 (0.0); PASF D19 (0.0); PASF D24 (0.0); PASF D29 (0.0); PASF D33 (+1.0); PASF D76 (0.0); PASF D95 (0.0),,,PASF,0,,,,,,,,,,,+3,,,,,0,,,C,C,,,,,,LANE S43 (FK); PASF D33 (FR3),,,,,LANE S43,MISSED - B,,,,,,,,LANE S43,,,,,,,LANE 15 (FRE); LANE 54 (FLT); LANE 56 (FRG); LANE 58 (FLG); LANE 64 (FLE); LANE 77 (FRT); LANE 85 (FRW); LANE D46 (FLW); LANE S33 (H); LANE S43 (FK); LANE S48 (FLS),LANE 15 (0.0); LANE 54 (0.0); LANE 56 (0.0); LANE 58 (0.0); LANE 64 (0.0); LANE 77 (0.0); LANE 85 (0.0); LANE D46 (0.0); LANE S33 (0.0); LANE S43 (-1.0); LANE S48 (0.0),,,LANE,LANE 54; LANE 56; LANE 58; LANE 64; LANE 77; LANE D46; LANE S48,,,,,,,,,,,,,,,,,,,,,,,,,,+3,,,,PASF D33,,,0,,,,0,,,0,,,,,,,,,,,,,+29,,,EXTRA POINT,,3; PASF D05 (FBM); PASF D19 (FBL); PASF D29 (FR1),,,,,,,,,0,17,0,0,0,,false,1,2,0.0,-1.0,,false,,,,,,,,,,,,,,,,,,3,1.54,0.0,-1.0,28748_6323818,
6323836,28748,2025-08-28,2025,01,407563,3680,4,0,04:39,0,,0,29,0,,,55,1,,,55,0,0,0,0,0,13,0,6323818,6323853,16,29.00,0,,135,0,,,0,0,,2,0,0,PASF 22,,,,,,,5-5,,LANE D07 (R2); LANE D15 (L5); LANE D16 (R1); LANE D19 (R3); LANE D21 (L3); LANE D23 (L4); LANE D24 (R5); LANE D27 (L2); LANE D38 (L1); LANE D54 (R4); LANE S43 (PK),LANE D07 (0.0); LANE D15 (0.0); LANE D16 (0.0); LANE D19 (0.0); LANE D21 (0.0); LANE D23 (0.0); LANE D24 (0.0); LANE D27 (+0.5); LANE D38 (0.0); LANE D54 (0.0); LANE S43 (0.0),,,LANE,0,,,PASF 81 (LF1); PASF 88 (LF3); LANE D19 (R3),,,,,,,,-35,,,,,52,,3.40,R,L,,,,,,LANE D24 (R5); LANE D27 (L2); PASF 26 (MF),CC,55,R,R,LANE S43,RETURNED,D,39,5R,,,,,PASF 26,,7-0-2,,,,,PASF 04 (KFB); PASF 12 (RF2); PASF 21 (RF1); PASF 22 (KR-L); PASF 26 (MF); PASF 81 (LF1); PASF 82 (LB); PASF 88 (LF3); PASF D11 (LF2); PASF D25 (RF3); PASF D34 (RB),PASF 04 (0.0); PASF 12 (0.0); PASF 21 (0.0); PASF 22 (0.0); PASF 26 (-1.0); PASF 81 (0.0); PASF 82 (0.0); PASF 88 (0.0); PASF D11 (0.0); PASF D25 (0.0); PASF D34 (0.0),,,PASF,,,,,,,,,,,,,,,,,,,,,,,,PASF 26 FMM,,,+13,,,,LANE D27,,,0,,,,0,,,0,,,,,,L,L,PASF 22,,,,,-29,,,KICKOFF,,2; LANE D16 (R1); LANE D38 (L1),LANE D23,,,,,,,,0,14,0,0,0,,false,2,1,0.0,0.782,,false,,,,,,,,,,,,,,,,,,65,,0.0,0.782,28748_6323836,
6386066,28835,2025-09-06,2025,02,407734,41,1,0,15:00,0,,0,0,0,,,46,0,,,46,0,0,0,0,0,,0,,6386077,1,0.00,0,,1,0,,,0,0,,1,0,0,ALUN 11,,,,,,,4-6,,LANE D03 (R4); LANE D07 (R2); LANE D09 (L4); LANE D12 (R6); LANE D13 (L1); LANE D16 (R1); LANE D19 (R3); LANE D21 (L3); LANE D24 (R5); LANE D27 (L2); LANE S43 (PK),LANE D03 (0.0); LANE D07 (+0.5); LANE D09 (0.0); LANE D12 (0.0); LANE D13 (0.0); LANE D16 (0.0); LANE D19 (0.0); LANE D21 (0.0); LANE D24 (0.0); LANE D27 (+0.5); LANE S43 (0.0),,,LANE,0,,,ALUN 81 (RB); ALUN 88 (MB); ALUN D06 (LF2); ALUN D36 (MF); LANE D09 (L4); LANE D24 (R5),,,,,,,,-35,,,,,45,,3.20,C,C,,,,,,LANE D07 (R2); LANE D27 (L2); ALUN D26 (LB),CFFG,42,R,R,LANE S43,RETURNED,P,48,6R,,,,,ALUN D26,,5-1-3,,,,,ALUN 07 (KFB-R); ALUN 11 (KR-L); ALUN 14 (MM); ALUN 81 (RB); ALUN 88 (MB); ALUN D06 (LF2); ALUN D07 (LF1); ALUN D13 (RF1); ALUN D21 (RF2); ALUN D26 (LB); ALUN D36 (MF),ALUN 07 (0.0); ALUN 11 (0.0); ALUN 14 (0.0); ALUN 81 (0.0); ALUN 88 (0.0); ALUN D06 (0.0); ALUN D07 (0.0); ALUN D13 (0.0); ALUN D21 (0.0); ALUN D26 (-0.5); ALUN D36 (0.0),,,ALUN,,,,,,,,,,,,,,,,,,,,,,,,,,,+20,,,,LANE D07; LANE D27,,,0,,,,0,,,0,,,,,,C,L,ALUN 11,,,,,0,,,KICKOFF,,3; LANE D13 (L1); LANE D16 (R1); LANE D21 (L3),LANE D27,,,,,,,,0,,0,0,0,,false,3,3,0.0,-1.263,,false,,,,,,,,,,,,,,,,,,65,,0.0,-1.263,28835_6386066,
6386764,28835,2025-09-06,2025,02,407734,350,1,4,10:43,0,,0,7,0,,,35,0,,1.18,35,0,0,0,0,0,-15,0,6386693,6386917,,7.00,0,1.03,13,0,,,0,0,,,0,0,,8; ALUN 11; ALUN 30; ALUN D05; ALUN D13; ALUN D21; ALUN D26; ALUN D30; ALUN D36,,,,,,8-0,,ALUN 07 (PR); ALUN 11 (PDL4); ALUN 30 (PDR1); ALUN D02 (VL); ALUN D05 (PDL3); ALUN D09 (VR); ALUN D13 (PDR2); ALUN D21 (PDR3); ALUN D26 (PDL2); ALUN D30 (PDL1); ALUN D36 (PDL5),ALUN 07 (0.0); ALUN 11 (0.0); ALUN 30 (0.0); ALUN D02 (0.0); ALUN D05 (0.0); ALUN D09 (0.0); ALUN D13 (0.0); ALUN D21 (0.0); ALUN D26 (0.0); ALUN D30 (0.0); ALUN D36 (0.0),,,ALUN,9,,,,,,,,,,,-21,,,,,18,LANE D12 (GLx); LANE D13 (GRa),4.01,R,L,,,,,,LANE D13 (GR); LANE S47 (P); ALUN 07 (PR),CC,35,R,R,LANE S47,FAIR CATCH,A,49,6R,,,,,LANE D13,,,,,,,LANE 56 (PPRi); LANE 82 (PPRo); LANE D03 (PRT); LANE D12 (GL); LANE D13 (GR); LANE D16 (PLT); LANE D41 (PPR); LANE D46 (PLG); LANE D54 (PRG); LANE S47 (P); LANE S48 (PLS),LANE 56 (0.0); LANE 82 (0.0); LANE D03 (0.0); LANE D12 (0.0); LANE D13 (-1.0); LANE D16 (0.0); LANE D41 (0.0); LANE D46 (0.0); LANE D54 (0.0); LANE S47 (0.0); LANE S48 (0.0),,,LANE,LANE D03; LANE D12; LANE D13; LANE D16; LANE D46; LANE D54; LANE S48,2.21,,,,,,,,,,,,,,,,,,,,,,LANE D13 FCI,,,-39,,,,,,,0,2; ALUN 30 (PDR1); ALUN D30 (PDL1),,,0,,,0,,R,,,,,,ALUN 07,,,,,-7,,,PUNT,,,,,,,,ALUN D02 (VL); ALUN D09 (VR),,,0,12,0,0,0,,false,3,3,-2.779,-1.257,,false,,,,,,,,,,,,,,,,,,79,,-2.779,-1.257,28835_6386764,
6389398,28835,2025-09-06,2025,02,407734,640,1,4,06:28,0,,0,14,0,,,40,0,,1.33,40,0,0,0,0,0,,0,6389198,6389666,36,14.00,0,0.95,24,0,,,0,0,,0,0,0,ALUN 07,8; ALUN 11; ALUN 30; ALUN D05; ALUN D13; ALUN D21; ALUN D26; ALUN D30; ALUN D36,,,,,,7-1,,ALUN 07 (PR); ALUN 11 (PDL3); ALUN 30 (PDR1); ALUN D02 (VL); ALUN D05 (PLM); ALUN D09 (VR); ALUN D13 (PDR2); ALUN D21 (PDR3); ALUN D26 (PDL2); ALUN D30 (PDL1); ALUN D36 (PDL4),ALUN 07 (+1.0); ALUN 11 (0.0); ALUN 30 (0.0); ALUN D02 (0.0); ALUN D05 (+0.5); ALUN D09 (0.0); ALUN D13 (+0.5); ALUN D21 (0.0); ALUN D26 (+0.5); ALUN D30 (0.0); ALUN D36 (0.0),,,ALUN,6,,,,,,,,,,,-19,,,,,4,LANE D12 (GLa); LANE D20 (GRx),3.40,L,R,,,,,,LANE D12 (GL); LANE D16 (PLT); LANE D41 (PPR); LANE D54 (PRG); LANE S47 (P); LANE S48 (PLS); ALUN 07 (PR); ALUN D05 (PLM); ALUN D13 (PDR2); ALUN D26 (PDL2),CC,40,R,R,LANE S47,RETURNED,A,36,5R,,LANE D12; LANE D54,,,LANE D12; LANE D16; LANE D41; LANE D54; LANE S47; LANE S48,,,,,,,LANE 56 (PPRi); LANE 82 (PPRo); LANE D03 (PRT); LANE D12 (GL); LANE D16 (PLT); LANE D20 (GR); LANE D41 (PPR); LANE D46 (PLG); LANE D54 (PRG); LANE S47 (P); LANE S48 (PLS),LANE 56 (0.0); LANE 82 (0.0); LANE D03 (0.0); LANE D12 (-0.5); LANE D16 (-0.5); LANE D20 (0.0); LANE D41 (-0.5); LANE D46 (0.0); LANE D54 (-0.5); LANE S47 (-0.5); LANE S48 (-1.5),,,LANE,LANE D03; LANE D12; LANE D16; LANE D20; LANE D46; LANE D54; LANE S48,2.28,,,,,,,,,,,,,,,,,,,,,,,,,-23,,,,ALUN 07; ALUN D05; ALUN D13; ALUN D26,,,0,1; ALUN 30 (PDR1),,,0,,,0,,R,,,,R,R,ALUN 07,,,,,-14,,,PUNT,,,LANE S47,,,,,ALUN D02 (VL); ALUN D09 (VR),,,0,19,0,0,0,,false,3,3,-2.874,-1.732,,false,,,,,,,,,,,,,,,,,,81,,-2.874,-1.732,28835_6389398,
6391266,28835,2025-09-06,2025,02,407734,960,1,4,01:01,0,,0,21,0,,,39,0,,1.31,39,0,0,0,0,0,,0,6391155,6391449,,21.00,0,1.03,36,0,,,0,0,,,0,0,,8; ALUN 11; ALUN 30; ALUN D05; ALUN D13; ALUN D21; ALUN D26; ALUN D30; ALUN D36,,,,,,7-1,,ALUN 07 (PR); ALUN 11 (PDL3); ALUN 30 (PDR1); ALUN D02 (VL); ALUN D05 (PLM); ALUN D09 (VR); ALUN D13 (PDR2); ALUN D21 (PDR3); ALUN D26 (PDL2); ALUN D30 (PDL1); ALUN D36 (PDL4),ALUN 07 (0.0); ALUN 11 (0.0); ALUN 30 (0.0); ALUN D02 (0.0); ALUN D05 (0.0); ALUN D09 (0.0); ALUN D13 (0.0); ALUN D21 (0.0); ALUN D26 (0.0); ALUN D30 (0.0); ALUN D36 (0.0),,,ALUN,14,,,,,,,,,,,-26,,,,,39,LANE D12 (GLa); LANE D20 (GRx),4.13,L,R,,,,,,LANE S47 (P),CC,39,L,L,LANE S47,FAIR CATCH,A,11,3L,,,,,,,,,,,,LANE 56 (PPRi); LANE 82 (PPRo); LANE D03 (PRT); LANE D12 (GL); LANE D20 (GR); LANE D38 (PLT); LANE D41 (PPR); LANE D46 (PLG); LANE D54 (PRG); LANE S47 (P); LANE S48 (PLS),LANE 56 (0.0); LANE 82 (0.0); LANE D03 (0.0); LANE D12 (0.0); LANE D20 (0.0); LANE D38 (0.0); LANE D41 (0.0); LANE D46 (0.0); LANE D54 (0.0); LANE S47 (0.0); LANE S48 (0.0),,,LANE,LANE D03; LANE D12; LANE D20; LANE D38; LANE D46; LANE D54; LANE S48,2.34,,,,,,,,,,,,,,,,,,,,,,,,,+35,,,,,,,0,1; ALUN 30 (PDR1),,,0,,,0,,R,,,,,,ALUN 07,,,,,-21,,,PUNT,,,,,,,,ALUN D02 (VL); ALUN D09 (VR),,,0,12,0,0,0,,false,3,3,-2.533,0.047,,false,,,,,,,,,,,,,,,,,,74,,-2.533,0.047,28835_6391266,
6393327,28835,2025-09-06,2025,02,407734,1638,2,4,05:57,0,,0,35,0,,,42,0,,1.44,42,0,0,0,0,0,,0,6393310,6393347,9,35.00,0,0.98,61,0,,,0,0,,2,0,0,ALUN 07,8; ALUN 11; ALUN 30; ALUN D05; ALUN D13; ALUN D21; ALUN D26; ALUN D30; ALUN D36,,,,,,7-1,,ALUN 07 (PR); ALUN 11 (PDL3); ALUN 30 (PDR1); ALUN D02 (VL); ALUN D05 (PLM); ALUN D09 (VR); ALUN D13 (PDR2); ALUN D21 (PDR3); ALUN D26 (PDL2); ALUN D30 (PDL1); ALUN D36 (PDL4),ALUN 07 (0.0); ALUN 11 (0.0); ALUN 30 (0.0); ALUN D02 (0.0); ALUN D05 (0.0); ALUN D09 (0.0); ALUN D13 (0.0); ALUN D21 (0.0); ALUN D26 (0.0); ALUN D30 (0.0); ALUN D36 (0.0),,,ALUN,6,,,,,,,,,,,-25,,,,,33,LANE D20 (GLx); LANE D22 (GRa),3.30,R,L,,,,,,LANE D03 (PRT); LANE D22 (GR); LANE D54 (PRG); LANE S47 (P); ALUN 07 (PR),CC,42,R,R,LANE S47,RETURNED,N,44,5R,,LANE D03; LANE D22,,,LANE D03; LANE D22,,,,,,,LANE 56 (PPRi); LANE 82 (PPRo); LANE D03 (PRT); LANE D16 (PLT); LANE D20 (GL); LANE D22 (GR); LANE D41 (PPR); LANE D46 (PLG); LANE D54 (PRG); LANE S47 (P); LANE S48 (PLS),LANE 56 (0.0); LANE 82 (0.0); LANE D03 (-0.5); LANE D16 (0.0); LANE D20 (0.0); LANE D22 (-0.5); LANE D41 (0.0); LANE D46 (0.0); LANE D54 (+0.5); LANE S47 (0.0); LANE S48 (0.0),,,LANE,LANE D03; LANE D16; LANE D20; LANE D22; LANE D46; LANE D54; LANE S48,2.42,,,,,,,,,,,,,,,,,,,,,,,,,+42,,,,LANE D54,,,0,,,,0,,,0,,R,,,,L,L,ALUN 07,,,,,-35,,,PUNT,,,LANE D54,,,,,ALUN D02 (VL); ALUN D09 (VR),,,0,3,0,0,0,,false,3,1,-2.583,-0.399,,false,,,,,,,,,,,,,,,,,,75,,-2.583,-0.399,28835_6393327,
6395391,28835,2025-09-06,2025,02,407734,2234,3,4,12:13,0,,0,42,0,,,37,0,,1.45,37,0,0,0,0,0,,0,6395335,6395797,,42.00,0,0.95,83,0,,,0,0,,,0,0,,8; ALUN 29; ALUN 30; ALUN D13; ALUN D21; ALUN D26; ALUN D30; ALUN D35; ALUN D36,,,,,,8-0,,ALUN 07 (PR); ALUN 29 (PDR3); ALUN 30 (PDR1); ALUN D02 (VL); ALUN D09 (VR); ALUN D13 (PDR2); ALUN D21 (PDR4); ALUN D26 (PDL2); ALUN D30 (PDL1); ALUN D35 (PDL3); ALUN D36 (PDL4),ALUN 07 (0.0); ALUN 29 (0.0); ALUN 30 (0.0); ALUN D02 (0.0); ALUN D09 (0.0); ALUN D13 (0.0); ALUN D21 (0.0); ALUN D26 (0.0); ALUN D30 (0.0); ALUN D35 (0.0); ALUN D36 (0.0),,,ALUN,10,,,,,,,,,,,-39,,,,,37,LANE D12 (GLa); LANE D22 (GRa),4.15,L,R,,,,,,LANE S47 (P); LANE S48 (PLS),CC,37,C,L,LANE S47,FAIR CATCH,A,22,4,,,,,LANE S47; LANE S48,,,,,,,LANE 56 (PPRi); LANE 82 (PPRo); LANE D03 (PRT); LANE D12 (GL); LANE D16 (PLT); LANE D22 (GR); LANE D41 (PPR); LANE D46 (PLG); LANE D54 (PRG); LANE S47 (P); LANE S48 (PLS),LANE 56 (0.0); LANE 82 (0.0); LANE D03 (0.0); LANE D12 (0.0); LANE D16 (0.0); LANE D22 (0.0); LANE D41 (0.0); LANE D46 (0.0); LANE D54 (0.0); LANE S47 (-0.5); LANE S48 (-0.5),,,LANE,LANE D03; LANE D12; LANE D16; LANE D22; LANE D46; LANE D54; LANE S48,2.40,,,,,,,,,,,,,,,,,,,,,,,,,+24,,,,,,,0,,,,0,,,0,,R,,,,,,ALUN 07,,,,,-42,,,PUNT,,,,,,,,ALUN D02 (VL); ALUN D09 (VR),,,0,11,0,0,0,,false,3,2,-1.837,0.23,,false,,,,,,,,,,,,,,,,,,61,,-1.837,0.23,28835_6395391,
6397102,28835,2025-09-06,2025,02,407734,2668,3,4,04:52,0,,0,45,0,,,40,1,,1.33,40,0,0,0,0,0,-15,0,6397055,6397366,,45.00,0,1.04,100,0,,,0,0,,,0,0,,8; ALUN 29; ALUN 30; ALUN D13; ALUN D15; ALUN D26; ALUN D30; ALUN D35; ALUN D36,,,,,,8-0,,ALUN 07 (PR); ALUN 29 (PDL4); ALUN 30 (PDR1); ALUN D02 (VL); ALUN D09 (VR); ALUN D13 (PDR2); ALUN D15 (PDR3); ALUN D26 (PDL2); ALUN D30 (PDL1); ALUN D35 (PDL3); ALUN D36 (PDL5),ALUN 07 (0.0); ALUN 29 (0.0); ALUN 30 (0.0); ALUN D02 (0.0); ALUN D09 (0.0); ALUN D13 (0.0); ALUN D15 (0.0); ALUN D26 (0.0); ALUN D30 (0.0); ALUN D35 (0.0); ALUN D36 (0.0),,,ALUN,4,,,,,,,,,,,-31,,,,,25,LANE D22 (GLa); LANE D09 (GRa),4.06,L,R,,,,,,LANE D22 (GL); LANE S47 (P); ALUN 07 (PR),CC,40,C,L,LANE S47,FAIR CATCH,A,20,4,,,,,LANE D22; LANE S47,,,,,,,LANE 56 (PPRi); LANE 82 (PPRo); LANE D03 (PRT); LANE D09 (GR); LANE D22 (GL); LANE D38 (PLT); LANE D41 (PPR); LANE D46 (PLG); LANE D54 (PRG); LANE S47 (P); LANE S48 (PLS),LANE 56 (0.0); LANE 82 (0.0); LANE D03 (0.0); LANE D09 (0.0); LANE D22 (-1.0); LANE D38 (0.0); LANE D41 (0.0); LANE D46 (0.0); LANE D54 (0.0); LANE S47 (-1.0); LANE S48 (0.0),,,LANE,LANE D03; LANE D09; LANE D22; LANE D38; LANE D46; LANE D54; LANE S48,2.37,,,,,,,,,,,,,,,,,,,,,,LANE D22 FCI,,,+44,,,,,,,0,1; ALUN 30 (PDR1),,,0,,,0,,R,,,,,,ALUN 07,,,,,-45,,,PUNT,,,,,,,,ALUN D02 (VL); ALUN D09 (VR),,,0,13,0,0,0,,false,3,2,-2.274,-0.839,,false,,,,,,,,,,,,,,,,,,69,,-2.274,-0.839,28835_6397102,
6485930,29042,2025-09-20,2025,04,408016,41,1,0,15:00,0,,0,0,0,,,53,0,,,53,0,0,0,0,0,,0,,6485940,0,0.00,0,,1,0,,,0,0,,,0,0,TXEP 13,,,,,,,5-5,,LANE D03 (R4); LANE D07 (R2); LANE D09 (L4); LANE D12 (L5); LANE D13 (L1); LANE D19 (R3); LANE D21 (L3); LANE D23 (R1); LANE D24 (R5); LANE D27 (L2); LANE S43 (PK),LANE D03 (0.0); LANE D07 (0.0); LANE D09 (0.0); LANE D12 (0.0); LANE D13 (0.0); LANE D19 (0.0); LANE D21 (0.0); LANE D23 (0.0); LANE D24 (0.0); LANE D27 (0.0); LANE S43 (0.0),,,LANE,0,,,,,,,,,,,-35,,,,,53,,,R,L,,,,,,TXEP 13 (KR-L),BOG,53,R,R,LANE S43,RETURNED,Q,51,6R,,,,,TXEP 13,,5-2-2,,,,,TXEP 00 (RF1); TXEP 13 (KR-L); TXEP 15 (LF2); TXEP 17 (LM); TXEP 19 (MF); TXEP 47 (RB); TXEP D06 (RM); TXEP D08 (LB); TXEP D14 (KR-R); TXEP D18 (LF1); TXEP D27 (RF2),TXEP 00 (0.0); TXEP 13 (-1.0); TXEP 15 (0.0); TXEP 17 (0.0); TXEP 19 (0.0); TXEP 47 (0.0); TXEP D06 (0.0); TXEP D08 (0.0); TXEP D14 (0.0); TXEP D18 (0.0); TXEP D27 (0.0),,,TXEP,,,,,,,,,,,,,,,,,,,,,,,,,,,+12,,,,,,,0,,,,0,,,0,,,,,,,,TXEP 13; TXEP D14,,,,,0,,,KICKOFF,,2; LANE D13 (L1); LANE D23 (R1),,,,,,,,,0,,0,0,0,RAN OUT OF BOUNDS,false,3,3,0.0,-0.549,,false,,,,,,,,,,,,,,,,,,65,,0.0,-0.549,29042_6485930,
6487021,29042,2025-09-20,2025,04,408016,604,1,0,07:44,0,,0,0,0,,,,0,,,,0,0,0,6,0,,0,6486988,6487211,,0.06,0,,22,0,,,0,0,,,0,0,,,,,,,,5-4,,TXEP D00 (FR4); TXEP D02 (FR2); TXEP D04 (FL1); TXEP D05 (FBM); TXEP D07 (FR5); TXEP D10 (FL3); TXEP D15 (FL2); TXEP D18 (FR1); TXEP D19 (FL4); TXEP D48 (FR3); TXEP D90 (FL5),TXEP D00 (0.0); TXEP D02 (0.0); TXEP D04 (0.0); TXEP D05 (0.0); TXEP D07 (0.0); TXEP D10 (0.0); TXEP D15 (0.0); TXEP D18 (0.0); TXEP D19 (0.0); TXEP D48 (0.0); TXEP D90 (0.0),,,TXEP,0,,,,,,,,,,,+3,,,,,0,,,C,C,,,,,,,,,,,LANE S43,MADE - IR,,,,,,,,,,,,,,,LANE 01 (FRW); LANE 54 (FLT); LANE 55 (FRE); LANE 56 (FRG); LANE 58 (FLG); LANE 64 (FLE); LANE 77 (FRT); LANE D46 (FLW); LANE S33 (H); LANE S43 (FK); LANE S48 (FLS),LANE 01 (0.0); LANE 54 (0.0); LANE 55 (0.0); LANE 56 (0.0); LANE 58 (0.0); LANE 64 (0.0); LANE 77 (0.0); LANE D46 (0.0); LANE S33 (0.0); LANE S43 (0.0); LANE S48 (0.0),,,LANE,LANE 54; LANE 56; LANE 58; LANE 64; LANE 77; LANE D46; LANE S48,,,,,,,,,,,,,,,,,,,,,,,,,,+3,,,,,,,0,,,,0,,,0,,,,,,,,,,,,,+6,,,EXTRA POINT,,1; TXEP D05 (FBM),,,,,,,,,0,5,0,0,0,,false,2,2,0.0,0.0,,false,,,,,,,,,,,,,,,,,,3,1.50,0.0,0.0,29042_6487021,
6487211,29042,2025-09-20,2025,04,408016,624,1,0,07:44,0,,0,7,0,,,55,0,,,55,0,0,0,0,0,,0,6487021,6487255,17,0.07,0,,23,0,,,0,0,,1,0,0,TXEP 13,,,,,,,5-5,,LANE D07 (R2); LANE D09 (L4); LANE D12 (L5); LANE D13 (L1); LANE D19 (R3); LANE D21 (L3); LANE D23 (R1); LANE D24 (R5); LANE D27 (L2); LANE D54 (R4); LANE S43 (PK),LANE D07 (0.0); LANE D09 (0.0); LANE D12 (0.0); LANE D13 (0.0); LANE D19 (0.0); LANE D21 (+0.5); LANE D23 (0.0); LANE D24 (0.0); LANE D27 (0.0); LANE D54 (0.0); LANE S43 (0.0),,,LANE,0,,,,,,,,,,,-35,,,,,38,,1.96,R,L,,,,,,LANE D21 (L3),CFFG,48,R,R,LANE S43,RETURNED,F,41,5R,,,,,,,5-2-2,,,,,TXEP 00 (RF1); TXEP 13 (KR-L); TXEP 15 (LF2); TXEP 17 (LM); TXEP 19 (MF); TXEP 47 (RB); TXEP D06 (RM); TXEP D08 (LB); TXEP D14 (KR-R); TXEP D18 (LF1); TXEP D27 (RF2),TXEP 00 (0.0); TXEP 13 (0.0); TXEP 15 (0.0); TXEP 17 (0.0); TXEP 19 (0.0); TXEP 47 (0.0); TXEP D06 (0.0); TXEP D08 (0.0); TXEP D14 (0.0); TXEP D18 (0.0); TXEP D27 (0.0),,,TXEP,,,,,,,,,,,,,,,,,,,,,,,,,,,+27,,,,LANE D21,,,0,,,,0,,,0,,,,,,L,L,TXEP 13; TXEP D14,,,,,-7,,,KICKOFF,,2; LANE D13 (L1); LANE D23 (R1),LANE D21,,,,,,,,0,18,0,0,0,,false,2,2,0.0,-1.858,,false,,,,,,,,,,,,,,,,,,65,,0.0,-1.858,29042_6487211,
6487769,29042,2025-09-20,2025,04,408016,792,1,4,05:48,0,,0,7,0,,,47,0,,1.36,47,0,0,0,7,0,,0,6487724,6487815,23,7.07,0,1.02,30,0,,,0,0,,,0,0,TXEP 19,8; TXEP 00; TXEP 47; TXEP D06; TXEP D15; TXEP D18; TXEP D22; TXEP D24; TXEP D27,,,,,,8-0,,TXEP 00 (PDL4); TXEP 19 (PR); TXEP 47 (PDR1); TXEP D06 (PDL1); TXEP D12 (VL); TXEP D13 (VR); TXEP D15 (PDR3); TXEP D18 (PDR2); TXEP D22 (PDL2); TXEP D24 (PDL5); TXEP D27 (PDL3),TXEP 00 (0.0); TXEP 19 (+0.5); TXEP 47 (0.0); TXEP D06 (0.0); TXEP D12 (0.0); TXEP D13 (0.0); TXEP D15 (+0.5); TXEP D18 (0.0); TXEP D22 (0.0); TXEP D24 (0.0); TXEP D27 (0.0),,,TXEP,12,,,,,,,,,,,-23,,,,,24,LANE D13 (GLa); LANE D12 (GRx),2.90,L,R,,,,,,LANE 82 (PPRo); LANE D46 (PLG); LANE S47 (P); TXEP 19 (PR); TXEP D15 (PDR3),CC,47,L,L,LANE S47,RETURNED,N,18,3L,,,,,LANE D46; LANE S47,,,,,,,LANE 01 (PPL); LANE 82 (PPRo); LANE D03 (PRT); LANE D07 (PLT); LANE D12 (GR); LANE D13 (GL); LANE D41 (PPRi); LANE D46 (PLG); LANE D54 (PRG); LANE S47 (P); LANE S48 (PLS),LANE 01 (0.0); LANE 82 (+0.5); LANE D03 (0.0); LANE D07 (0.0); LANE D12 (0.0); LANE D13 (0.0); LANE D41 (0.0); LANE D46 (-0.5); LANE D54 (0.0); LANE S47 (-0.5); LANE S48 (0.0),,,LANE,LANE D03; LANE D07; LANE D12; LANE D13; LANE D46; LANE D54; LANE S48,2.38,,,,,,,,,,,,,,,,,,,,,,,,,-47,,,,LANE 82; TXEP 19; TXEP D15,,,0,,,,0,,,0,,L,,,,R,R,TXEP 19,,,,,0,,,PUNT,,1; TXEP D27 (PDL3),LANE 82,,,,,TXEP D13 (VR); TXEP D12 (VL),,,0,6,0,0,0,,false,2,2,-2.682,-0.963,,false,,,,,,,,,,,,,,,,,,77,,-2.682,-0.963,29042_6487769,
6488185,29042,2025-09-20,2025,04,408016,1133,1,0,02:42,0,,0,7,0,,,,0,,,,0,0,0,13,0,,0,6488152,6488247,,7.13,0,,43,0,,,0,0,,,0,0,,,,,,,,5-4,,TXEP D00 (FR4); TXEP D02 (FR2); TXEP D03 (FL4); TXEP D04 (FL1); TXEP D05 (FBM); TXEP D07 (FR5); TXEP D10 (FL3); TXEP D12 (FL2); TXEP D18 (FR1); TXEP D48 (FR3); TXEP D90 (FL5),TXEP D00 (0.0); TXEP D02 (0.0); TXEP D03 (0.0); TXEP D04 (0.0); TXEP D05 (0.0); TXEP D07 (0.0); TXEP D10 (0.0); TXEP D12 (0.0); TXEP D18 (0.0); TXEP D48 (0.0); TXEP D90 (0.0),,,TXEP,0,,,,,,,,,,,+3,,,,,0,,,C,C,,,,,,,,,,,LANE S43,MADE - M,,,,,,,,,,,,,,,LANE 01 (FRW); LANE 54 (FLT); LANE 55 (FRE); LANE 56 (FRG); LANE 58 (FLG); LANE 64 (FLE); LANE 77 (FRT); LANE D46 (FLW); LANE S33 (H); LANE S43 (FK); LANE S48 (FLS),LANE 01 (0.0); LANE 54 (0.0); LANE 55 (0.0); LANE 56 (0.0); LANE 58 (0.0); LANE 64 (0.0); LANE 77 (0.0); LANE D46 (0.0); LANE S33 (0.0); LANE S43 (0.0); LANE S48 (0.0),,,LANE,LANE 54; LANE 56; LANE 58; LANE 64; LANE 77; LANE D46; LANE S48,,,,,,,,,,,,,,,,,,,,,,,,,,+3,,,,,,,0,,,,0,,,0,,,,,,,,,,,,,+6,,,EXTRA POINT,,2; TXEP D02 (FR2); TXEP D05 (FBM),,,,,,,,,0,6,0,0,0,,false,2,2,0.0,0.0,,false,,,,,,,,,,,,,,,,,,3,1.48,0.0,0.0,29042_6488185,
6488247,29042,2025-09-20,2025,04,408016,1153,1,0,02:42,0,,0,14,0,,,53,0,,,53,0,0,0,7,0,,0,6488185,6488292,17,7.14,0,,44,0,,,0,0,,2,0,0,TXEP 13,,,,,,,5-5,,LANE D07 (R2); LANE D09 (L4); LANE D12 (L5); LANE D13 (L1); LANE D19 (R3); LANE D21 (L3); LANE D23 (R1); LANE D24 (R5); LANE D27 (L2); LANE D54 (R4); LANE S43 (PK),LANE D07 (0.0); LANE D09 (0.0); LANE D12 (-0.5); LANE D13 (+0.5); LANE D19 (0.0); LANE D21 (0.0); LANE D23 (0.0); LANE D24 (-0.5); LANE D27 (0.0); LANE D54 (+0.5); LANE S43 (0.0),,,LANE,0,,,TXEP 15 (LF2); TXEP 19 (MF); LANE D54 (R4),,,,,,,,-35,,,,,36,,,R,L,,,,,,LANE D12 (L5); LANE D13 (L1); LANE D24 (R5); LANE D54 (R4); TXEP 13 (KR-L); TXEP 47 (RB); TXEP D08 (LB),CFFG,40,C,C,LANE S43,RETURNED,Q,32,4,,,,,LANE D12; LANE D24; TXEP 13,,5-2-2,,,,,TXEP 00 (RF1); TXEP 13 (KR-L); TXEP 15 (LF2); TXEP 17 (LM); TXEP 19 (MF); TXEP 47 (RB); TXEP D06 (RM); TXEP D08 (LB); TXEP D14 (KR-R); TXEP D18 (LF1); TXEP D27 (RF2),TXEP 00 (0.0); TXEP 13 (-0.5); TXEP 15 (0.0); TXEP 17 (0.0); TXEP 19 (0.0); TXEP 47 (+0.5); TXEP D06 (0.0); TXEP D08 (+0.5); TXEP D14 (0.0); TXEP D18 (0.0); TXEP D27 (0.0),,,TXEP,,,,,,,,,,,,,,,,,,,,,,,,,,,+29,,,,LANE D13; LANE D54; TXEP 47; TXEP D08,,,0,,,,0,,,0,,,,,,C,C,TXEP 13; TXEP D14,,,,,-7,,,KICKOFF,,2; LANE D13 (L1); LANE D23 (R1),LANE D54,LANE D13,,,,,,,0,15,0,0,0,,false,2,2,0.0,-2.02,,false,,,,,,,,,,,,,,,,,,65,,0.0,-2.02,29042_6488247,
6489024,29042,2025-09-20,2025,04,408016,1466,2,0,12:42,0,,0,7,0,,,,0,,,,0,0,0,20,0,,0,6488949,6489223,,7.20,0,,56,0,,,0,0,,,0,0,,,,,,,,5-4,,TXEP D00 (FR4); TXEP D02 (FR2); TXEP D04 (FL1); TXEP D07 (FR5); TXEP D08 (FR3); TXEP D10 (FL3); TXEP D12 (FL2); TXEP D14 (FBM); TXEP D18 (FR1); TXEP D19 (FL4); TXEP D92 (FL5),TXEP D00 (0.0); TXEP D02 (0.0); TXEP D04 (0.0); TXEP D07 (0.0); TXEP D08 (0.0); TXEP D10 (0.0); TXEP D12 (0.0); TXEP D14 (0.0); TXEP D18 (0.0); TXEP D19 (0.0); TXEP D92 (0.0),,,TXEP,0,,,,,,,,,,,+3,,,,,0,,,C,C,,,,,,,,,,,LANE S43,MADE - M,,,,,,,,,,,,,,,LANE 01 (FRW); LANE 54 (FLT); LANE 55 (FRE); LANE 56 (FRG); LANE 58 (FLG); LANE 64 (FLE); LANE 77 (FRT); LANE D46 (FLW); LANE S33 (H); LANE S43 (FK); LANE S48 (FLS),LANE 01 (0.0); LANE 54 (0.0); LANE 55 (0.0); LANE 56 (0.0); LANE 58 (0.0); LANE 64 (0.0); LANE 77 (0.0); LANE D46 (0.0); LANE S33 (0.0); LANE S43 (0.0); LANE S48 (0.0),,,LANE,LANE 54; LANE 55; LANE 56; LANE 58; LANE 64; LANE 77; LANE S48,,,,,,,,,,,,,,,,,,,,,,,,,,+3,,,,,,,0,,,,0,,,0,,,,,,,,,,,,,+13,,,EXTRA POINT,,2; TXEP D14 (FBM); TXEP D18 (FR1),,,,,,,,,0,23,0,0,0,,false,2,2,0.0,0.0,,false,,,,,,,,,,,,,,,,,,3,1.45,0.0,0.0,29042_6489024,
6489223,29042,2025-09-20,2025,04,408016,1514,2,0,12:42,0,,0,21,0,,,57,0,,,57,0,0,0,7,0,,0,6489024,6489266,13,7.21,0,,57,0,,,0,0,,0,0,0,TXEP 13,,,,,,,5-5,,LANE D03 (R4); LANE D07 (R2); LANE D09 (L4); LANE D12 (L5); LANE D13 (L1); LANE D21 (L3); LANE D23 (R1); LANE D24 (R5); LANE D27 (L2); LANE D54 (R3); LANE S43 (PK),LANE D03 (0.0); LANE D07 (+0.5); LANE D09 (0.0); LANE D12 (+0.5); LANE D13 (0.0); LANE D21 (0.0); LANE D23 (0.0); LANE D24 (0.0); LANE D27 (0.0); LANE D54 (+0.5); LANE S43 (0.0),,,LANE,0,,,TXEP 15 (LF2); TXEP 19 (MF); LANE D03 (R4),,,,,,,,-20,,,,,44,,2.66,R,L,,,,,,LANE D07 (R2); LANE D12 (L5); LANE D54 (R3); TXEP 47 (RB); TXEP D17 (LF1); TXEP D27 (RF2),CC,57,R,R,LANE S43,RETURNED,F,37,5R,,,,,TXEP 47; TXEP D17; TXEP D27,,5-2-2,,,,,TXEP 00 (RF1); TXEP 13 (KR-L); TXEP 15 (LF2); TXEP 19 (MF); TXEP 47 (RB); TXEP D06 (RM); TXEP D08 (LB); TXEP D14 (KR-R); TXEP D17 (LF1); TXEP D23 (LM); TXEP D27 (RF2),TXEP 00 (0.0); TXEP 13 (0.0); TXEP 15 (0.0); TXEP 19 (0.0); TXEP 47 (-0.5); TXEP D06 (0.0); TXEP D08 (0.0); TXEP D14 (0.0); TXEP D17 (-0.5); TXEP D23 (0.0); TXEP D27 (-0.5),,,TXEP,,,,,,,,,,,,,,,,,,,,,,,,,,,+36,,,,LANE D07; LANE D12; LANE D54,,,0,,,,0,,,0,,,,,,C,L,TXEP 13; TXEP D14,,,,,-14,,,KICKOFF,,2; LANE D13 (L1); LANE D23 (R1),LANE D54,LANE D12,,,,,,,0,14,0,0,0,,false,2,2,0.0,-2.561,,false,,,,,,,,,,,,,,,,,,80,,0.0,-2.561,29042_6489223,
6490522,29042,2025-09-20,2025,04,408016,1970,2,4,05:51,0,,0,7,0,,,44,0,,,44,0,0,0,21,0,,0,6490460,6490596,,7.21,0,,73,0,,,0,0,,,0,0,,,,,,,,5-4,,TXEP D00 (FR4); TXEP D02 (FR2); TXEP D04 (FR1); TXEP D07 (FR5); TXEP D10 (FL3); TXEP D12 (FL2); TXEP D18 (FL1); TXEP D19 (FL4); TXEP D32 (FBR); TXEP D48 (FR3); TXEP D90 (FL5),TXEP D00 (0.0); TXEP D02 (0.0); TXEP D04 (0.0); TXEP D07 (0.0); TXEP D10 (0.0); TXEP D12 (0.0); TXEP D18 (0.0); TXEP D19 (0.0); TXEP D32 (0.0); TXEP D48 (0.0); TXEP D90 (0.0),,,TXEP,14,,,,,,,,,,,+27,,,,,0,,,C,C,,,,,,LANE S43 (FK),,,,,LANE S43,MADE - M,,,,,,,,,,,,,,,LANE 01 (FRW); LANE 54 (FLT); LANE 55 (FRE); LANE 56 (FRG); LANE 58 (FLG); LANE 64 (FLE); LANE 77 (FRT); LANE D46 (FLW); LANE S33 (H); LANE S43 (FK); LANE S48 (FLS),LANE 01 (0.0); LANE 54 (0.0); LANE 55 (0.0); LANE 56 (0.0); LANE 58 (0.0); LANE 64 (0.0); LANE 77 (0.0); LANE D46 (0.0); LANE S33 (0.0); LANE S43 (+0.5); LANE S48 (0.0),,,LANE,LANE 54; LANE 56; LANE 58; LANE 64; LANE 77; LANE D46; LANE S48,,,,,,,,,,,,,,,,,,,,,,,,,,+27,,,,LANE S43,,,0,,,,0,,,0,,,,,,,,,,,,,+14,,,FIELD GOAL,,1; TXEP D04 (FR1),,,,,,,,,0,3,0,0,0,,false,1,0,1.092,1.908,,false,,,,,,,,,,,,,,,,,,27,1.47,1.092,1.908,29042_6490522,
6490596,29042,2025-09-20,2025,04,408016,1993,2,0,05:46,0,,0,24,0,,,35,0,,,35,0,0,0,7,0,,0,6490522,6490622,2,7.24,0,,74,0,,,0,0,,,0,0,TXEP D23,,,,,,,5-5,,LANE D07 (R2); LANE D09 (L4); LANE D10 (R4); LANE D12 (L5); LANE D13 (L1); LANE D19 (R3); LANE D21 (L3); LANE D23 (R1); LANE D24 (R5); LANE D27 (L2); LANE S43 (PK),LANE D07 (0.0); LANE D09 (0.0); LANE D10 (0.0); LANE D12 (0.0); LANE D13 (0.0); LANE D19 (0.0); LANE D21 (0.0); LANE D23 (0.0); LANE D24 (0.0); LANE D27 (0.0); LANE S43 (0.0),,,LANE,0,,,,,,,,,,,-35,,,,,33,,,R,L,,,,,,,CFFG,35,R,R,LANE S43,RETURNED,Q,43,5R,,,,,,,5-2-2,,,,,TXEP 00 (RF1); TXEP 13 (KR-L); TXEP 15 (LF2); TXEP 19 (MF); TXEP 47 (RB); TXEP D06 (RM); TXEP D08 (LB); TXEP D14 (KR-R); TXEP D17 (LF1); TXEP D23 (LM); TXEP D27 (RF2),TXEP 00 (0.0); TXEP 13 (0.0); TXEP 15 (0.0); TXEP 19 (0.0); TXEP 47 (0.0); TXEP D06 (0.0); TXEP D08 (0.0); TXEP D14 (0.0); TXEP D17 (0.0); TXEP D23 (0.0); TXEP D27 (0.0),,,TXEP,,,,,,,,,,,,,,,,,,,,,,,,,,,+32,,,,,,,0,,,,0,,,0,,,,,,,,TXEP 13; TXEP D14,,,,,-17,,,KICKOFF,,2; LANE D13 (L1); LANE D23 (R1),,,,,,,,,0,14,0,0,0,FELL,false,0,1,0.0,-2.258,,false,,,,,,,,,,,,,,,,,,65,,0.0,-2.258,29042_6490596,
6492402,29042,2025-09-20,2025,04,408016,2536,3,4,12:57,0,,0,7,0,,,38,0,,1.71,38,0,0,0,24,0,,0,6492381,6492482,,7.24,0,0.98,93,0,,,0,0,,,0,0,,8; TXEP 00; TXEP 47; TXEP D06; TXEP D15; TXEP D18; TXEP D22; TXEP D24; TXEP D27,,,,,,6-2,,TXEP 00 (PDL2); TXEP 19 (PR); TXEP 47 (PDR1); TXEP D06 (PDL1); TXEP D12 (VL); TXEP D13 (VR); TXEP D15 (PDR3); TXEP D18 (PDR2); TXEP D22 (PLL); TXEP D24 (PDL3); TXEP D27 (PLR),TXEP 00 (0.0); TXEP 19 (0.0); TXEP 47 (0.0); TXEP D06 (0.0); TXEP D12 (0.0); TXEP D13 (0.0); TXEP D15 (-0.5); TXEP D18 (0.0); TXEP D22 (0.0); TXEP D24 (0.0); TXEP D27 (0.0),,,TXEP,7,,,,,,,,,,,-42,,,,,38,LANE D13 (GLa); LANE D12 (GRx),4.32,C,C,,,,,,LANE D46 (PLG); LANE S47 (P); TXEP D15 (PDR3),CC,38,C,C,LANE S47,FAIR CATCH,N,24,4,,,,,LANE S47; TXEP D15,,,,,,,LANE 01 (PPL); LANE 82 (PPRo); LANE D07 (PLT); LANE D12 (GR); LANE D13 (GL); LANE D19 (PRT); LANE D41 (PPRi); LANE D46 (PLG); LANE D54 (PRG); LANE S47 (P); LANE S48 (PLS),LANE 01 (0.0); LANE 82 (0.0); LANE D07 (0.0); LANE D12 (0.0); LANE D13 (0.0); LANE D19 (0.0); LANE D41 (0.0); LANE D46 (+0.5); LANE D54 (0.0); LANE S47 (-1.0); LANE S48 (0.0),,,LANE,LANE D07; LANE D12; LANE D13; LANE D19; LANE D46; LANE D54; LANE S48,2.69,,,,,,,,,,,,,,,,,,,,,,,,,+20,,,,LANE D46,,,0,,,,0,,,0,,L,,,,,,TXEP 19,,,,,+17,,,PUNT,,2; TXEP D18 (PDR2); TXEP D27 (PLR),,,,,,TXEP D13 (VR); TXEP D12 (VL),,,0,14,0,0,0,,false,3,2,-1.667,0.404,,false,,,,,,,,,,,,,,,,,,58,,-1.667,0.404,29042_6492402,
6492774,29042,2025-09-20,2025,04,408016,2850,3,0,07:53,0,,0,7,0,,,,0,,,,0,0,0,30,0,,0,6492765,6492866,,7.30,0,,105,0,,,0,0,,,0,0,,,,,,,,5-4,,TXEP D00 (FR4); TXEP D02 (FR2); TXEP D04 (FL1); TXEP D05 (FBM); TXEP D07 (FR5); TXEP D10 (FL3); TXEP D15 (FL2); TXEP D18 (FR1); TXEP D19 (FL4); TXEP D48 (FR3); TXEP D90 (FL5),TXEP D00 (0.0); TXEP D02 (0.0); TXEP D04 (0.0); TXEP D05 (0.0); TXEP D07 (0.0); TXEP D10 (0.0); TXEP D15 (0.0); TXEP D18 (0.0); TXEP D19 (0.0); TXEP D48 (0.0); TXEP D90 (0.0),,,TXEP,0,,,,,,,,,,,+3,,,,,0,,,C,C,,,,,,,,,,,LANE S43,MADE - M,,,,,,,,,,,,,,,LANE 01 (FRW); LANE 54 (FLT); LANE 55 (FRE); LANE 58 (FLG); LANE 59 (FRG); LANE 64 (FLE); LANE 77 (FRT); LANE D46 (FLW); LANE S33 (H); LANE S43 (FK); LANE S48 (FLS),LANE 01 (0.0); LANE 54 (0.0); LANE 55 (0.0); LANE 58 (0.0); LANE 59 (0.0); LANE 64 (0.0); LANE 77 (0.0); LANE D46 (0.0); LANE S33 (0.0); LANE S43 (0.0); LANE S48 (0.0),,,LANE,LANE 54; LANE 55; LANE 58; LANE 59; LANE 64; LANE 77; LANE S48,,,,,,,,,,,,,,,,,,,,,,,,,,+3,,,,,,,0,,,,0,,,0,,,,,,,,,,,,,+23,,,EXTRA POINT,,2; TXEP D05 (FBM); TXEP D18 (FR1),,,,,,,,,0,10,0,0,0,,false,3,1,0.0,0.0,,false,,,,,,,,,,,,,,,,,,3,1.48,0.0,0.0,29042_6492774,
6492866,29042,2025-09-20,2025,04,408016,2870,3,0,07:53,0,,0,31,0,,,47,0,,,47,0,0,0,7,0,10,0,6492774,6492890,4,7.31,0,,106,0,,,0,0,,0,0,0,TXEP 13,,,,,,,5-5,,LANE D07 (R2); LANE D09 (L4); LANE D13 (L1); LANE D15 (L5); LANE D19 (R3); LANE D20 (L2); LANE D21 (L3); LANE D23 (R1); LANE D24 (R5); LANE D54 (R4); LANE S43 (PK),LANE D07 (0.0); LANE D09 (+0.5); LANE D13 (0.0); LANE D15 (0.0); LANE D19 (0.0); LANE D20 (0.0); LANE D21 (+0.5); LANE D23 (0.0); LANE D24 (+0.5); LANE D54 (+0.5); LANE S43 (0.0),,,LANE,0,,,TXEP 15 (LF2); TXEP 19 (MF); LANE D54 (R4),,,,,,,,-35,,,,,53,,,R,L,,,,,,LANE D09 (L4); LANE D21 (L3); LANE D24 (R5); LANE D54 (R4); TXEP 15 (LF2); TXEP D06 (RM); TXEP D23 (LM); TXEP D27 (RF2),CFFG,47,R,R,LANE S43,RETURNED,Q,44,5R,,,,,TXEP 15; TXEP D06; TXEP D23; TXEP D27,,5-2-2,,,,,TXEP 00 (RF1); TXEP 13 (KR-L); TXEP 15 (LF2); TXEP 19 (MF); TXEP 47 (RB); TXEP D06 (RM); TXEP D08 (LB); TXEP D14 (KR-R); TXEP D17 (LF1); TXEP D23 (LM); TXEP D27 (RF2),TXEP 00 (0.0); TXEP 13 (0.0); TXEP 15 (-1.0); TXEP 19 (0.0); TXEP 47 (0.0); TXEP D06 (-0.5); TXEP D08 (0.0); TXEP D14 (0.0); TXEP D17 (0.0); TXEP D23 (-0.5); TXEP D27 (-0.5),,,TXEP,,,,,,,,,,,,,,,,,,,,,,,,TXEP 15 OH,,,+12,,,,LANE D09; LANE D21; LANE D24; LANE D54,,,0,,,,0,,,0,,,,,,L,C,TXEP 13; TXEP D14,,,,,-24,,,KICKOFF,,2; LANE D13 (L1); LANE D23 (R1),LANE D24,LANE D21,,,,,,,0,17,0,0,0,,false,1,3,0.0,-0.549,,false,,,,,,,,,,,,,,,,,,65,,0.0,-0.549,29042_6492866,
6493087,29042,2025-09-20,2025,04,408016,3267,3,4,04:13,0,,0,10,0,,,43,0,,1.26,43,0,0,0,31,0,,0,6493054,6493122,,10.31,0,1.01,120,0,,,0,0,,,0,0,,8; TXEP 00; TXEP 13; TXEP 47; TXEP D05; TXEP D12; TXEP D15; TXEP D18; TXEP D24,,,,,,8-0,,TXEP 00 (PDL4); TXEP 13 (PDL1); TXEP 19 (PR); TXEP 47 (PDR1); TXEP D04 (VL); TXEP D05 (PDL3); TXEP D12 (PDL2); TXEP D13 (VR); TXEP D15 (PDR3); TXEP D18 (PDR2); TXEP D24 (PDL5),TXEP 00 (0.0); TXEP 13 (0.0); TXEP 19 (0.0); TXEP 47 (0.0); TXEP D04 (0.0); TXEP D05 (0.0); TXEP D12 (0.0); TXEP D13 (0.0); TXEP D15 (0.0); TXEP D18 (+0.5); TXEP D24 (0.0),,,TXEP,11,,,,,,,,,,,-24,,,,,43,LANE D12 (GLa); LANE D20 (GRx),3.77,L,R,,,,,,LANE D07 (PLT); LANE S47 (P); TXEP D18 (PDR2),CC,43,L,L,LANE S47,FAIR CATCH,N,12,3L,,,,,LANE D07,,,,,,,LANE 01 (PPL); LANE 82 (PPRo); LANE D03 (PRT); LANE D07 (PLT); LANE D12 (GL); LANE D20 (GR); LANE D41 (PPRi); LANE D46 (PLG); LANE D54 (PRG); LANE S47 (P); LANE S48 (PLS),LANE 01 (0.0); LANE 82 (0.0); LANE D03 (0.0); LANE D07 (-0.5); LANE D12 (0.0); LANE D20 (0.0); LANE D41 (0.0); LANE D46 (0.0); LANE D54 (0.0); LANE S47 (0.0); LANE S48 (0.0),,,LANE,LANE D03; LANE D07; LANE D12; LANE D20; LANE D46; LANE D54; LANE S48,2.27,,,,,,,,,,,,,,,,,,,,,,,,,+33,,,,TXEP D18,,,0,4; TXEP 13 (PDL1); TXEP D04 (VL); TXEP D05 (PDL3); TXEP D18 (PDR2),,,0,,,0,,L,,,,,,TXEP 19,,,,,+21,,,PUNT,,,,,,,,TXEP D13 (VR),,,0,19,0,0,0,,false,3,1,-2.633,0.298,,false,,,,,,,,,,,,,,,,,,76,,-2.633,0.298,29042_6493087,
6493298,29042,2025-09-20,2025,04,408016,3637,4,4,15:00,0,,0,10,0,,,36,0,,1.51,36,0,0,0,31,0,,0,6493244,6493315,1,10.31,0,0.93,132,0,,,0,0,,1,0,0,TXEP 19,8; TXEP 00; TXEP 47; TXEP D06; TXEP D15; TXEP D18; TXEP D22; TXEP D24; TXEP D27,,,,,,8-0,,TXEP 00 (PDL2); TXEP 19 (PR); TXEP 47 (PDR1); TXEP D06 (PDL1); TXEP D12 (VL); TXEP D13 (VR); TXEP D15 (PDR3); TXEP D18 (PDR2); TXEP D22 (PDL4); TXEP D24 (PDL3); TXEP D27 (PDR4),TXEP 00 (0.0); TXEP 19 (0.0); TXEP 47 (0.0); TXEP D06 (0.0); TXEP D12 (0.0); TXEP D13 (0.0); TXEP D15 (0.0); TXEP D18 (-0.5); TXEP D22 (0.0); TXEP D24 (0.0); TXEP D27 (0.0),,,TXEP,12,,,,,,,,,,,-32,,,,,35,LANE D20 (GLx); LANE D12 (GRa),3.73,R,L,,,,,,LANE D07 (PLT); LANE S47 (P); LANE S48 (PLS); TXEP D18 (PDR2),CC,36,C,C,LANE S47,RETURNED,N,26,4,,,,,LANE S47; LANE S48; TXEP D18,,,,,,,LANE 01 (PPL); LANE 82 (PPRo); LANE D07 (PLT); LANE D12 (GR); LANE D19 (PRT); LANE D20 (GL); LANE D41 (PPRi); LANE D46 (PLG); LANE D54 (PRG); LANE S47 (P); LANE S48 (PLS),LANE 01 (0.0); LANE 82 (0.0); LANE D07 (+0.5); LANE D12 (0.0); LANE D19 (0.0); LANE D20 (0.0); LANE D41 (0.0); LANE D46 (0.0); LANE D54 (0.0); LANE S47 (-1.0); LANE S48 (-0.5),,,LANE,LANE D07; LANE D12; LANE D19; LANE D20; LANE D46; LANE D54; LANE S48,2.44,,,,,,,,,,,,,,,,,,,,,,,,,+33,,,,LANE D07,,,0,,,,0,,,0,,L,,,,,,TXEP 19,,,,,+21,,,PUNT,,,LANE D07,,,,,TXEP D13 (VR); TXEP D12 (VL),,,0,23,0,0,0,,false,3,1,-2.221,-0.114,,false,,,,,,,,,,,,,,,,,,68,,-2.221,-0.114,29042_6493298,
6493584,29042,2025-09-20,2025,04,408016,3999,4,4,08:47,0,,0,18,0,,,20,0,,1.51,20,0,0,0,31,0,,0,6493556,6493651,,18.31,0,0.97,146,0,,,0,0,,,0,0,,8; TXEP 00; TXEP 47; TXEP D06; TXEP D15; TXEP D18; TXEP D22; TXEP D24; TXEP D27,,,,,,6-2,,TXEP 00 (PDL2); TXEP 19 (PR); TXEP 47 (PDR1); TXEP D04 (VL); TXEP D06 (PDL1); TXEP D13 (VR); TXEP D15 (PDR3); TXEP D18 (PDR2); TXEP D22 (PLL); TXEP D24 (PDL3); TXEP D27 (PLR),TXEP 00 (0.0); TXEP 19 (0.0); TXEP 47 (0.0); TXEP D04 (0.0); TXEP D06 (0.0); TXEP D13 (0.0); TXEP D15 (0.0); TXEP D18 (0.0); TXEP D22 (0.0); TXEP D24 (0.0); TXEP D27 (0.0),,,TXEP,5,,,,,,,,,,,+43,,,,,20,LANE D13 (GLx); LANE D12 (GRx),3.92,L,R,,,,,,LANE S47 (P),BB,35,L,L,LANE S47,DOWNED,N,8,2L,,,,,,,,,,,,LANE 01 (PPL); LANE 82 (PPRo); LANE D03 (PRT); LANE D07 (PLT); LANE D12 (GR); LANE D13 (GL); LANE D41 (PPRi); LANE D46 (PLG); LANE D54 (PRG); LANE S47 (P); LANE S48 (PLS),LANE 01 (0.0); LANE 82 (0.0); LANE D03 (0.0); LANE D07 (0.0); LANE D12 (0.0); LANE D13 (0.0); LANE D41 (0.0); LANE D46 (0.0); LANE D54 (0.0); LANE S47 (+0.5); LANE S48 (0.0),,,LANE,LANE D03; LANE D07; LANE D12; LANE D13; LANE D46; LANE D54; LANE S48,2.48,,,,,,,,,,,,,,,,,,,,,,,,,+23,,,,LANE S47,,,0,,,,0,,,0,,L,,,,,,TXEP 19,,,,,+13,,,PUNT,,,,,,,,TXEP D13 (VR); TXEP D04 (VL),,,0,9,0,0,0,,false,2,0,-0.773,-0.749,,false,,,,,,,,,,,,,,,,,,43,,-0.773,-0.749,29042_6493584,
6493893,29042,2025-09-20,2025,04,408016,4503,4,4,02:38,0,,0,25,0,,,50,0,,1.64,50,0,0,0,31,0,,0,6493882,6493913,,25.31,0,0.95,164,0,,,0,0,,,0,0,,8; TXEP 00; TXEP 47; TXEP D06; TXEP D15; TXEP D18; TXEP D22; TXEP D24; TXEP D27,,,,,,6-2,,TXEP 00 (PDL2); TXEP 19 (PR); TXEP 47 (PDR1); TXEP D06 (PDL1); TXEP D12 (VL); TXEP D13 (VR); TXEP D15 (PDR3); TXEP D18 (PDR2); TXEP D22 (PLL); TXEP D24 (PDL3); TXEP D27 (PLR),TXEP 00 (0.0); TXEP 19 (0.0); TXEP 47 (0.0); TXEP D06 (0.0); TXEP D12 (0.0); TXEP D13 (0.0); TXEP D15 (0.0); TXEP D18 (0.0); TXEP D22 (0.0); TXEP D24 (0.0); TXEP D27 (0.0),,,TXEP,5,,,,,,,,,,,+50,,,,,30,LANE D20 (GLx); LANE D12 (GRa),3.25,R,L,,,,,,LANE S47 (P),BF,45,R,R,LANE S47,TOUCHBACK,N,39,5R,,,,,,,,,,,,LANE 01 (PPL); LANE 82 (PPRo); LANE D07 (PLT); LANE D12 (GR); LANE D19 (PRT); LANE D20 (GL); LANE D41 (PPRi); LANE D46 (PLG); LANE D54 (PRG); LANE S47 (P); LANE S48 (PLS),LANE 01 (0.0); LANE 82 (0.0); LANE D07 (0.0); LANE D12 (0.0); LANE D19 (0.0); LANE D20 (0.0); LANE D41 (0.0); LANE D46 (0.0); LANE D54 (0.0); LANE S47 (0.0); LANE S48 (0.0),,,LANE,LANE D07; LANE D12; LANE D19; LANE D20; LANE D46; LANE D54; LANE S48,2.59,,,,,,,,,,,,,,,,,,,,,,,,,+20,,,,,,,0,,,,0,,,0,,L,,,,,,TXEP 19,,,,,+6,,,PUNT,,,,,,,,TXEP D13 (VR); TXEP D12 (VL),,,0,22,0,0,0,,false,1,0,-1.198,-0.065,,false,,,,,,,,,,,,,,,,,,50,,-1.198,-0.065,29042_6493893,
6513257,29096,2025-09-27,2025,05,408063,348,1,4,10:44,0,,0,7,0,,,39,0,,1.26,39,0,0,0,0,0,,0,6513229,6513378,19,0.07,0,0.96,13,0,,,0,0,,13,0,0,ARST 20,8; ARST 21; ARST 84; ARST D18; ARST D27; ARST D28; ARST D30; ARST D33; ARST D38,,,,,,8-0,,ARST 20 (PR); ARST 21 (PDR2); ARST 84 (PDL1); ARST D00 (VL); ARST D18 (PDL4); ARST D27 (PDL3); ARST D28 (PDL5); ARST D30 (PDL2); ARST D33 (PDR1); ARST D34 (VR); ARST D38 (PDR3),ARST 20 (+1.0); ARST 21 (0.0); ARST 84 (0.0); ARST D00 (+0.5); ARST D18 (0.0); ARST D27 (0.0); ARST D28 (0.0); ARST D30 (0.0); ARST D33 (0.0); ARST D34 (0.0); ARST D38 (0.0),,,ARST,9,,,,,,,,,,,-40,,,,,20,LANE D12 (GLa); LANE D13 (GRx),3.27,L,R,,,,,,LANE D07 (PLT); LANE D13 (GR); LANE D54 (PRG); LANE S47 (P); LANE S48 (PLS); ARST 20 (PR); ARST D00 (VL),CC,39,L,L,LANE S47,RETURNED,N,14,3L,,LANE D54; LANE S48,,,LANE D13; LANE D54; LANE S48,,,,,,,LANE 01 (PPL); LANE 56 (PPRi); LANE 82 (PPRo); LANE D07 (PLT); LANE D10 (PRT); LANE D12 (GL); LANE D13 (GR); LANE D46 (PLG); LANE D54 (PRG); LANE S47 (P); LANE S48 (PLS),LANE 01 (0.0); LANE 56 (0.0); LANE 82 (0.0); LANE D07 (+0.5); LANE D10 (0.0); LANE D12 (0.0); LANE D13 (-0.5); LANE D46 (0.0); LANE D54 (-0.5); LANE S47 (0.0); LANE S48 (-0.5),,,LANE,LANE D07; LANE D10; LANE D12; LANE D13; LANE D46; LANE D54; LANE S48,2.22,,,,,,,,,,,,,,,,,,,,,,,,,+40,,,,LANE D07; ARST 20; ARST D00,,,0,1; ARST D33 (PDR1),,,0,,,0,,L,,,,R,R,ARST 20,,,,,-7,,,PUNT,,,LANE D07,,,,,ARST D34 (VR); ARST D00 (VL),,,0,13,0,0,0,,false,3,3,-0.441,-1.181,,false,,,,,,,,,,,,,,,,,,60,,-0.441,-1.181,29096_6513257,
6513555,29096,2025-09-27,2025,05,408063,511,1,4,08:57,0,,0,7,0,,,41,0,,1.65,41,0,0,0,0,0,,0,6513500,6513666,,0.07,0,0.98,19,0,,,0,0,,,0,0,,8; ARST D04; ARST D06; ARST D15; ARST D17; ARST D22; ARST D25; ARST D32; ARST D95,,,,,,4-4,,ARST 20 (PR); ARST D00 (VR); ARST D04 (PDL1); ARST D06 (PLR); ARST D09 (VL); ARST D15 (PLL1); ARST D17 (PDR2); ARST D22 (PLM); ARST D25 (PLL2); ARST D32 (PDR1); ARST D95 (PDL2),ARST 20 (0.0); ARST D00 (0.0); ARST D04 (0.0); ARST D06 (0.0); ARST D09 (0.0); ARST D15 (0.0); ARST D17 (0.0); ARST D22 (0.0); ARST D25 (0.0); ARST D32 (0.0); ARST D95 (0.0),,,ARST,9,,,,,,,,,,,-49,,,,,41,LANE D12 (GLa); LANE D20 (GRx),4.14,L,R,,,,,,LANE S47 (P),CC,41,L,L,LANE S47,FAIR CATCH,A,17,3L,,,,,,,,,,,,LANE 01 (PPL); LANE 56 (PPRi); LANE 82 (PPRo); LANE D07 (PLT); LANE D10 (PRT); LANE D12 (GL); LANE D20 (GR); LANE D46 (PLG); LANE D54 (PRG); LANE S47 (P); LANE S48 (PLS),LANE 01 (0.0); LANE 56 (0.0); LANE 82 (0.0); LANE D07 (0.0); LANE D10 (0.0); LANE D12 (0.0); LANE D20 (0.0); LANE D46 (0.0); LANE D54 (0.0); LANE S47 (0.0); LANE S48 (0.0),,,LANE,LANE D07; LANE D10; LANE D12; LANE D20; LANE D46; LANE D54; LANE S48,2.63,,,,,,,,,,,,,,,,,,,,,,,,,+10,,,,,,,0,,,,0,,,0,,L,,,,,,ARST 20,,,,,-7,,,PUNT,,,,,,,,ARST D00 (VR); ARST D09 (VL),,,0,21,0,0,0,,false,3,3,0.113,0.937,,false,,,,,,,,,,,,,,,,,,51,,0.113,0.937,29096_6513555,
6513891,29096,2025-09-27,2025,05,408063,768,1,4,04:59,0,,0,7,0,,,43,0,,1.39,43,0,0,0,0,0,,0,6513869,6513944,,0.07,0,0.88,29,0,,,0,0,,,0,0,,8; ARST D03; ARST D06; ARST D10; ARST D15; ARST D25; ARST D32; ARST D94; ARST D95,,,,,,4-4,,ARST 20 (PR); ARST D00 (VL); ARST D03 (PLL2); ARST D06 (PLL1); ARST D09 (VR); ARST D10 (PDR1); ARST D15 (PLR); ARST D25 (PLM); ARST D32 (PDL1); ARST D94 (PDL2); ARST D95 (PDR2),ARST 20 (0.0); ARST D00 (0.0); ARST D03 (0.0); ARST D06 (0.0); ARST D09 (0.0); ARST D10 (0.0); ARST D15 (0.0); ARST D25 (0.0); ARST D32 (0.0); ARST D94 (0.0); ARST D95 (0.0),,,ARST,3,,,,,,,,,,,-20,,,,,43,LANE D21 (GLx); LANE D13 (GRx),4.05,R,L,,,,,,LANE S47 (P),CC,43,C,C,LANE S47,FAIR CATCH,N,33,4,,,,,LANE S47,,,,,,,LANE 01 (PPL); LANE 56 (PPRi); LANE 82 (PPRo); LANE D07 (PLT); LANE D10 (PRT); LANE D13 (GR); LANE D21 (GL); LANE D46 (PLG); LANE D54 (PRG); LANE S47 (P); LANE S48 (PLS),LANE 01 (0.0); LANE 56 (0.0); LANE 82 (0.0); LANE D07 (0.0); LANE D10 (0.0); LANE D13 (0.0); LANE D21 (0.0); LANE D46 (0.0); LANE D54 (0.0); LANE S47 (-1.0); LANE S48 (0.0),,,LANE,LANE D07; LANE D10; LANE D13; LANE D21; LANE D46; LANE D54; LANE S48,2.27,,,,,,,,,,,,,,,,,,,,,,,,,+37,,,,,,,0,,,,0,,,0,,L,,,,,,ARST 20,,,,,-7,,,PUNT,,,,,,,,ARST D00 (VL); ARST D09 (VR),,,0,7,0,0,0,,false,3,3,-1.619,0.248,,false,,,,,,,,,,,,,,,,,,80,,-1.619,0.248,29096_6513891,
6514472,29096,2025-09-27,2025,05,408063,1156,1,4,00:41,0,,0,10,0,,,32,0,,1.38,32,0,0,0,0,0,,0,6514428,6514572,,0.10,0,0.98,44,0,,,0,0,,,0,0,,7; ARST D03; ARST D04; ARST D06; ARST D17; ARST D25; ARST D94; ARST D97,,,,,,4-3,,ARST 20 (PR); ARST D00 (VR); ARST D03 (PLM); ARST D04 (PDL1); ARST D06 (PLR); ARST D09 (VLo); ARST D15 (VLi); ARST D17 (PDL2); ARST D25 (PLL); ARST D94 (PDR2); ARST D97 (PDR1),ARST 20 (0.0); ARST D00 (0.0); ARST D03 (0.0); ARST D04 (0.0); ARST D06 (0.0); ARST D09 (0.0); ARST D15 (0.0); ARST D17 (0.0); ARST D25 (0.0); ARST D94 (0.0); ARST D97 (0.0),,,ARST,11,,,,,,,,,,,-44,,,,,32,LANE D12 (GLa); LANE D21 (GRix); LANE D09 (GRox),3.82,C,C,,,,,,LANE S47 (P),CC,32,C,C,LANE S47,FAIR CATCH,A,30,4,,,,,LANE S47,,,,,,,LANE 01 (PPL); LANE 82 (PPR); LANE D07 (PLT); LANE D09 (GRo); LANE D10 (PRT); LANE D12 (GL); LANE D21 (GRi); LANE D46 (PLG); LANE D54 (PRG); LANE S47 (P); LANE S48 (PLS),LANE 01 (0.0); LANE 82 (0.0); LANE D07 (0.0); LANE D09 (0.0); LANE D10 (0.0); LANE D12 (0.0); LANE D21 (0.0); LANE D46 (0.0); LANE D54 (0.0); LANE S47 (-1.5); LANE S48 (0.0),,,LANE,LANE D07; LANE D09; LANE D10; LANE D12; LANE D46; LANE D54; LANE S48,2.36,,,,,,,,,,,,,,,,,,,,,,,,,+24,,,,,,,0,,,,0,,,0,,L;R,,,,,,ARST 20,,,,,-10,,,PUNT,,,,,,,,ARST D00 (VR); ARST D15 (VLi); ARST D09 (VLo),,,0,9,0,0,0,,false,3,3,-0.195,-0.024,,false,,,,,,,,,,,,,,,,,,56,,-0.195,-0.024,29096_6514472,
6515683,29096,2025-09-27,2025,05,408063,1688,2,0,06:28,0,,0,10,0,,,,0,,,,0,0,0,6,0,,0,6515634,6515871,,6.10,0,,63,0,,,0,0,,,0,0,,,,,,,,5-4,,ARST D00 (FL1); ARST D03 (FR3); ARST D04 (FL3); ARST D06 (FL2); ARST D08 (FBM); ARST D09 (FR1); ARST D10 (FR4); ARST D15 (FR2); ARST D25 (FL4); ARST D93 (FR5); ARST D94 (FL5),ARST D00 (0.0); ARST D03 (0.0); ARST D04 (0.0); ARST D06 (0.0); ARST D08 (0.0); ARST D09 (0.0); ARST D10 (0.0); ARST D15 (0.0); ARST D25 (0.0); ARST D93 (0.0); ARST D94 (0.0),,,ARST,0,,,,,,,,,,,+3,,,,,0,,,C,C,,,,,,,,,,,LANE S43,MADE - M,,,,,,,,,,,,,,,LANE 01 (FRW); LANE 54 (FLT); LANE 55 (FRE); LANE 56 (FRG); LANE 58 (FLG); LANE 59 (FRT); LANE 64 (FLE); LANE D46 (FLW); LANE S33 (H); LANE S43 (FK); LANE S48 (FLS),LANE 01 (0.0); LANE 54 (0.0); LANE 55 (0.0); LANE 56 (0.0); LANE 58 (0.0); LANE 59 (0.0); LANE 64 (0.0); LANE D46 (0.0); LANE S33 (0.0); LANE S43 (0.0); LANE S48 (0.0),,,LANE,LANE 54; LANE 56; LANE 58; LANE 59; LANE 64; LANE D46; LANE S48,,,,,,,,,,,,,,,,,,,,,,,,,,+3,,,,,,,0,,,,0,,,0,,,,,,,,,,,,,-4,,,EXTRA POINT,,2; ARST D00 (FL1); ARST D08 (FBM),,,,,,,,,0,16,0,0,0,,false,3,3,0.0,0.0,,false,,,,,,,,,,,,,,,,,,3,1.50,0.0,0.0,29096_6515683,
6515871,29096,2025-09-27,2025,05,408063,1708,2,0,06:28,0,,0,7,0,,,44,0,,,44,0,0,0,10,0,,0,6515683,6516076,0,7.10,0,,64,0,,,0,0,,,0,0,ARST 84,,,,,,,6-4,,LANE D03 (L4); LANE D07 (L2); LANE D09 (R4); LANE D10 (L1); LANE D12 (L6); LANE D19 (L3); LANE D21 (R3); LANE D24 (L5); LANE D27 (R2); LANE D38 (R1); LANE S43 (PK),LANE D03 (+0.5); LANE D07 (0.0); LANE D09 (0.0); LANE D10 (+0.5); LANE D12 (0.0); LANE D19 (0.0); LANE D21 (0.0); LANE D24 (-0.5); LANE D27 (0.0); LANE D38 (0.0); LANE S43 (0.0),,,LANE,0,,,,,,,,,,,-35,,,,,38,,,C,C,,,,,,LANE D03 (L4); LANE D10 (L1); LANE D24 (L5); ARST 84 (KR-R),MBDR,44,L,L,LANE S43,RETURNED,Q,16,3L,,LANE D24,,,LANE D24,,6-0-3,,,,,ARST 16 (KR-L); ARST 22 (MB); ARST 82 (RB); ARST 84 (KR-R); ARST D13 (RF2); ARST D19 (LB); ARST D24 (RF3); ARST D25 (LF2); ARST D28 (LF1); ARST D34 (RF1); ARST D38 (LF3),ARST 16 (0.0); ARST 22 (0.0); ARST 82 (0.0); ARST 84 (0.0); ARST D13 (0.0); ARST D19 (0.0); ARST D24 (0.0); ARST D25 (0.0); ARST D28 (0.0); ARST D34 (0.0); ARST D38 (0.0),,,ARST,,,,,,,,,,,,,,,,,,,,,,,,,,,+27,,,,LANE D03; LANE D10,,,0,,,,0,,,0,,,,,,R,R,ARST 16; ARST 84,,,,,+3,,,KICKOFF,,2; LANE D10 (L1); LANE D38 (R1),,,,,,,,,0,13,0,0,0,SELF FUMBLE,false,3,3,0.0,-0.491,,false,,,,,,,,,,,,,,,,,,65,,0.0,-0.491,29096_6515871,
6516814,29096,2025-09-27,2025,05,408063,2136,2,0,00:46,0,,0,10,0,,,,0,,,,0,0,0,13,0,,0,6516764,6516978,,13.10,0,,80,0,,,0,0,,,0,0,,,,,,,,5-4,,ARST D00 (FL1); ARST D04 (FL3); ARST D06 (FL2); ARST D08 (FBM); ARST D09 (FR1); ARST D10 (FR3); ARST D15 (FBR); ARST D22 (FR2); ARST D25 (FL4); ARST D54 (FR4); ARST D95 (FL5),ARST D00 (0.0); ARST D04 (0.0); ARST D06 (0.0); ARST D08 (0.0); ARST D09 (0.0); ARST D10 (0.0); ARST D15 (0.0); ARST D22 (0.0); ARST D25 (0.0); ARST D54 (0.0); ARST D95 (0.0),,,ARST,0,,,,,,,,,,,+3,,,,,0,,,C,C,,,,,,,,,,,LANE S43,MADE - IL,,,,,,,,,,,,,,,LANE 01 (FRW); LANE 54 (FLT); LANE 55 (FRE); LANE 56 (FRG); LANE 58 (FLG); LANE 59 (FRT); LANE 64 (FLE); LANE D46 (FLW); LANE S33 (H); LANE S43 (FK); LANE S48 (FLS),LANE 01 (0.0); LANE 54 (0.0); LANE 55 (0.0); LANE 56 (0.0); LANE 58 (0.0); LANE 59 (0.0); LANE 64 (0.0); LANE D46 (0.0); LANE S33 (0.0); LANE S43 (0.0); LANE S48 (0.0),,,LANE,LANE 54; LANE 56; LANE 58; LANE 59; LANE 64; LANE D46; LANE S48,,,,,,,,,,,,,,,,,,,,,,,,,,+3,,,,,,,0,,,,0,,,0,,,,,,,,,,,,,+3,,,EXTRA POINT,,3; ARST D08 (FBM); ARST D09 (FR1); ARST D15 (FBR),,,,,,,,,0,14,0,0,0,,false,3,2,0.0,0.0,,false,,,,,,,,,,,,,,,,,,3,1.59,0.0,0.0,29096_6516814,
6516978,29096,2025-09-27,2025,05,408063,2156,2,0,00:46,0,,0,14,0,,,36,0,,,36,0,0,0,10,0,,0,6516814,6517006,12,14.10,0,,81,0,,,0,0,,4,0,0,ARST 22,,,,,,,4-6,,LANE D03 (R4); LANE D07 (R2); LANE D09 (L4); LANE D10 (R1); LANE D12 (R6); LANE D19 (R3); LANE D21 (L3); LANE D24 (R5); LANE D27 (L2); LANE D38 (L1); LANE S43 (PK),LANE D03 (0.0); LANE D07 (0.0); LANE D09 (0.0); LANE D10 (+0.5); LANE D12 (0.0); LANE D19 (0.0); LANE D21 (0.0); LANE D24 (-0.5); LANE D27 (0.0); LANE D38 (0.0); LANE S43 (0.0),,,LANE,0,,,,,,,,,,,-35,,,,,24,,,C,C,,,,,,LANE D10 (R1); LANE D24 (R5); ARST D38 (LF3),CFFG,46,R,R,LANE S43,RETURNED,Q,35,5R,,,,,LANE D24,,6-0-3,,,,,ARST 16 (KR-L); ARST 22 (MB); ARST 82 (RB); ARST 84 (KR-R); ARST D13 (RF2); ARST D19 (LB); ARST D24 (RF3); ARST D25 (LF2); ARST D28 (LF1); ARST D34 (RF1); ARST D38 (LF3),ARST 16 (0.0); ARST 22 (0.0); ARST 82 (0.0); ARST 84 (0.0); ARST D13 (0.0); ARST D19 (0.0); ARST D24 (0.0); ARST D25 (0.0); ARST D28 (0.0); ARST D34 (0.0); ARST D38 (+0.5),,,ARST,,,,,,,,,,,,,,,,,,,,,,,,,,,+41,,,,LANE D10; ARST D38,,,0,,,,0,,,0,,,,,,L,L,ARST 16; ARST 84,,,,,-4,,,KICKOFF,,2; LANE D10 (R1); LANE D38 (L1),LANE D10,,,,,,,,0,14,0,0,0,,false,2,3,0.0,-1.704,,false,,,,,,,,,,,,,,,,,,65,,0.0,-1.704,29096_6516978,
6518626,29096,2025-09-27,2025,05,408063,2390,3,0,15:00,0,,0,14,0,,,43,0,,,43,0,0,0,10,0,,0,6517425,6519092,6,14.10,0,,89,0,,,0,0,,3,0,0,ARST 22,,,,,,,6-4,,LANE D07 (L2); LANE D09 (R4); LANE D10 (L1); LANE D12 (L6); LANE D19 (L3); LANE D21 (R3); LANE D24 (L5); LANE D27 (R2); LANE D38 (R1); LANE D54 (L4); LANE S43 (PK),LANE D07 (0.0); LANE D09 (0.0); LANE D10 (+0.5); LANE D12 (0.0); LANE D19 (+0.5); LANE D21 (0.0); LANE D24 (0.0); LANE D27 (0.0); LANE D38 (0.0); LANE D54 (0.0); LANE S43 (0.0),,,LANE,0,,,,,,,,,,,-35,,,,,37,,,C,C,,,,,,LANE D10 (L1); LANE D19 (L3); ARST 82 (RB),BOG,43,C,C,LANE S43,RETURNED,Q,19,3L,,,,,ARST 82,,6-0-3,,,,,ARST 16 (KR-L); ARST 22 (MB); ARST 82 (RB); ARST 84 (KR-R); ARST D13 (RF2); ARST D19 (LB); ARST D24 (RF3); ARST D25 (LF2); ARST D28 (LF1); ARST D34 (RF1); ARST D38 (LF3),ARST 16 (0.0); ARST 22 (0.0); ARST 82 (-0.5); ARST 84 (0.0); ARST D13 (0.0); ARST D19 (0.0); ARST D24 (0.0); ARST D25 (0.0); ARST D28 (0.0); ARST D34 (0.0); ARST D38 (0.0),,,ARST,,,,,,,,,,,,,,,,,,,,,,,,,,,+28,,,,LANE D10; LANE D19,,,0,,,,0,,,0,,,,,,R,R,ARST 16; ARST 84,,,,,-4,,,KICKOFF,,2; LANE D10 (L1); LANE D38 (R1),LANE D10,,,,,,,,0,15,0,0,0,,false,3,3,0.0,-0.581,,false,,,,,,,,,,,,,,,,,,65,,0.0,-0.581,29096_6518626,
6519404,29096,2025-09-27,2025,05,408063,2659,3,0,09:57,0,,0,10,0,,,,0,,,,0,0,0,20,0,,0,6519398,6519406,,20.10,0,,99,0,,,0,0,,,0,0,,,,,,,,5-4,,ARST D00 (FL1); ARST D03 (FR3); ARST D06 (FL2); ARST D08 (FBM); ARST D09 (FR1); ARST D10 (FR4); ARST D15 (FR2); ARST D17 (FR5); ARST D25 (FL4); ARST D32 (FL3); ARST D94 (FL5),ARST D00 (0.0); ARST D03 (0.0); ARST D06 (0.0); ARST D08 (0.0); ARST D09 (0.0); ARST D10 (0.0); ARST D15 (0.0); ARST D17 (0.0); ARST D25 (0.0); ARST D32 (0.0); ARST D94 (0.0),,,ARST,0,,,,,,,,,,,+3,,,,,0,,,C,C,,,,,,,,,,,LANE S43,MADE - M,,,,,,,,,,,,,,,LANE 01 (FRW); LANE 54 (FLT); LANE 55 (FRE); LANE 56 (FRG); LANE 58 (FLG); LANE 59 (FRT); LANE 64 (FLE); LANE D46 (FLW); LANE S33 (H); LANE S43 (FK); LANE S48 (FLS),LANE 01 (0.0); LANE 54 (0.0); LANE 55 (0.0); LANE 56 (0.0); LANE 58 (0.0); LANE 59 (0.0); LANE 64 (0.0); LANE D46 (0.0); LANE S33 (0.0); LANE S43 (0.0); LANE S48 (0.0),,,LANE,LANE 54; LANE 56; LANE 58; LANE 59; LANE 64; LANE D46; LANE S48,,,,,,,,,,,,,,,,,,,,,,,,,,+3,,,,,,,0,,,,0,,,0,,,,,,,,,,,,,+10,,,EXTRA POINT,,3; ARST D08 (FBM); ARST D09 (FR1); ARST D15 (FR2),,,,,,,,,0,9,0,0,0,,false,3,2,0.0,0.0,,false,,,,,,,,,,,,,,,,,,3,1.49,0.0,0.0,29096_6519404,
6519406,29096,2025-09-27,2025,05,408063,2679,3,0,09:57,0,,0,21,0,,,42,0,,,42,0,0,0,10,0,,0,6519404,6519414,27,21.10,0,,100,0,,,0,0,,18,0,0,ARST 22,,,,,,,6-4,,LANE D07 (L2); LANE D09 (R4); LANE D10 (L1); LANE D12 (L6); LANE D19 (L3); LANE D21 (R3); LANE D24 (L5); LANE D27 (R2); LANE D38 (R1); LANE D54 (L4); LANE S43 (PK),LANE D07 (0.0); LANE D09 (0.0); LANE D10 (0.0); LANE D12 (-0.5); LANE D19 (0.0); LANE D21 (0.0); LANE D24 (0.0); LANE D27 (+0.5); LANE D38 (-0.5); LANE D54 (0.0); LANE S43 (0.0),,,LANE,0,,,,,,,,,,,-35,,,,,15,,,C,C,,,,,,LANE D12 (L6); LANE D27 (R2); LANE D38 (R1); LANE S43 (PK); ARST 22 (MB); ARST D38 (LF3),CFFG,42,L,L,LANE S43,RETURNED,Q,18,3L,,LANE D38; LANE S43,,,LANE D12; LANE D38,,6-0-3,,,,,ARST 16 (KR-L); ARST 22 (MB); ARST 82 (RB); ARST 84 (KR-R); ARST D13 (RF2); ARST D19 (LB); ARST D24 (RF3); ARST D25 (LF2); ARST D28 (LF1); ARST D34 (RF1); ARST D38 (LF3),ARST 16 (0.0); ARST 22 (+1.0); ARST 82 (0.0); ARST 84 (0.0); ARST D13 (0.0); ARST D19 (0.0); ARST D24 (0.0); ARST D25 (0.0); ARST D28 (0.0); ARST D34 (0.0); ARST D38 (+0.5),,,ARST,,,,,,,,,,,,,,,,,,,,,,,,,,,+50,,,,LANE D27; ARST 22; ARST D38,,,0,,,,0,,,0,,,,,,L,L,ARST 16; ARST 84,,,,,-11,,,KICKOFF,,2; LANE D10 (L1); LANE D38 (R1),LANE D27,,,,,,,,0,,0,0,0,,false,2,3,0.0,-2.399,,false,,,,,,,,,,,,,,,,,,65,,0.0,-2.399,29096_6519406,
6520060,29096,2025-09-27,2025,05,408063,3146,3,4,03:26,0,,0,13,0,,,36,0,,1.19,36,0,0,0,21,0,,0,6520030,6520116,1,21.13,0,0.97,118,0,,,0,0,,0,0,0,ARST 20,8; ARST 21; ARST 84; ARST D18; ARST D27; ARST D28; ARST D30; ARST D33; ARST D38,,,,,,8-0,,ARST 20 (PR); ARST 21 (PDR2); ARST 84 (PDR1); ARST D00 (VL); ARST D18 (PDL4); ARST D27 (PDL3); ARST D28 (PDL5); ARST D30 (PDL2); ARST D33 (PDL1); ARST D34 (VR); ARST D38 (PDR3),ARST 20 (0.0); ARST 21 (0.0); ARST 84 (0.0); ARST D00 (0.0); ARST D18 (0.0); ARST D27 (0.0); ARST D28 (0.0); ARST D30 (0.0); ARST D33 (0.0); ARST D34 (0.0); ARST D38 (0.0),,,ARST,4,,,,,,,,,,,-31,,,,,35,LANE D21 (GLa); LANE D12 (GRx),3.62,R,L,,,,,,LANE D21 (GL); LANE S47 (P),CC,36,R,R,LANE S47,RETURNED,A,41,5R,,,,,,,,,,,,LANE 01 (PPL); LANE 56 (PPRi); LANE 82 (PPRo); LANE D07 (PLT); LANE D10 (PRT); LANE D12 (GR); LANE D21 (GL); LANE D46 (PLG); LANE D54 (PRG); LANE S47 (P); LANE S48 (PLS),LANE 01 (0.0); LANE 56 (0.0); LANE 82 (0.0); LANE D07 (0.0); LANE D10 (0.0); LANE D12 (0.0); LANE D21 (+0.5); LANE D46 (0.0); LANE D54 (0.0); LANE S47 (0.0); LANE S48 (0.0),,,LANE,LANE D07; LANE D10; LANE D12; LANE D21; LANE D46; LANE D54; LANE S48,2.16,,,,,,,,,,,,,,,,,,,,,,,,,+34,,,,LANE D21,,,0,2; ARST 84 (PDR1); ARST D27 (PDL3),,,0,,,0,,L,,,,,,ARST 20,,,,,+8,,,PUNT,,,LANE D21,,,,,ARST D34 (VR); ARST D00 (VL),,,0,13,0,0,0,,false,3,1,-0.984,-0.129,,false,,,,,,,,,,,,,,,,,,69,,-0.984,-0.129,29096_6520060,
6521590,29096,2025-09-27,2025,05,408063,3888,4,0,05:36,0,,0,16,0,,,,0,,,,0,0,0,27,0,,0,6521580,6521655,,27.16,0,,145,0,,,0,0,,,0,0,,,,,,,,5-4,,ARST 84 (FL1); ARST D00 (FR1); ARST D03 (FR3); ARST D06 (FL2); ARST D08 (FBM); ARST D15 (FR2); ARST D20 (FL3); ARST D25 (FL4); ARST D32 (FR4); ARST D93 (FR5); ARST D94 (FL5),ARST 84 (0.0); ARST D00 (0.0); ARST D03 (0.0); ARST D06 (0.0); ARST D08 (0.0); ARST D15 (0.0); ARST D20 (0.0); ARST D25 (0.0); ARST D32 (0.0); ARST D93 (0.0); ARST D94 (0.0),,,ARST,0,,,,,,,,,,,+3,,,,,0,,,C,C,,,,,,LANE S48 (FLS),,,,,LANE S43,MADE - M,,,,,,,,LANE S48,,,,,,,LANE 01 (FRW); LANE 54 (FLT); LANE 55 (FRE); LANE 56 (FRG); LANE 58 (FLG); LANE 59 (FRT); LANE 64 (FLE); LANE D46 (FLW); LANE S33 (H); LANE S43 (FK); LANE S48 (FLS),LANE 01 (0.0); LANE 54 (0.0); LANE 55 (0.0); LANE 56 (0.0); LANE 58 (0.0); LANE 59 (0.0); LANE 64 (0.0); LANE D46 (0.0); LANE S33 (0.0); LANE S43 (0.0); LANE S48 (-0.5),,,LANE,LANE 54; LANE 56; LANE 58; LANE 59; LANE 64; LANE D46; LANE S48,,,,,,,,,,,,,,,,,,,,,,,,,,+3,,,,,,,0,,,,0,,,0,,,,,,,,,,,,,+11,,,EXTRA POINT,,3; ARST D00 (FR1); ARST D08 (FBM); ARST D15 (FR2),,,,,,,,,0,11,0,0,0,,false,3,0,0.0,0.0,,false,,,,,,,,,,,,,,,,,,3,1.58,0.0,0.0,29096_6521590,
6521655,29096,2025-09-27,2025,05,408063,3908,4,0,05:36,0,,0,28,0,,,58,0,,,58,0,0,0,16,0,,0,6521590,6521704,,28.16,0,,146,0,,,0,0,,,0,0,,,,,,,,5-5,,LANE D07 (L2); LANE D09 (R4); LANE D10 (L1); LANE D12 (R5); LANE D19 (L3); LANE D21 (R3); LANE D24 (L5); LANE D27 (R2); LANE D38 (R1); LANE D54 (L4); LANE S43 (PK),LANE D07 (0.0); LANE D09 (0.0); LANE D10 (0.0); LANE D12 (0.0); LANE D19 (0.0); LANE D21 (0.0); LANE D24 (0.0); LANE D27 (0.0); LANE D38 (0.0); LANE D54 (0.0); LANE S43 (0.0),,,LANE,0,,,,,,,,,,,-35,,,,,40,,2.84,R,L,,,,,,,CC,58,R,R,LANE S43,FAIR CATCH,F,39,5R,,,,,,,6-0-3,,,,,ARST 16 (KR-R); ARST 22 (MB); ARST 82 (RB); ARST 84 (KR-L); ARST D13 (RF2); ARST D19 (LB); ARST D24 (RF3); ARST D25 (LF2); ARST D28 (LF1); ARST D34 (RF1); ARST D38 (LF3),ARST 16 (0.0); ARST 22 (0.0); ARST 82 (0.0); ARST 84 (0.0); ARST D13 (0.0); ARST D19 (0.0); ARST D24 (0.0); ARST D25 (0.0); ARST D28 (0.0); ARST D34 (0.0); ARST D38 (0.0),,,ARST,,,,,,,,,,,,,,,,,,,,,,,,,,,+25,,,,,,,0,,,,0,,,0,,,,,,,,ARST 16; ARST 84,,,,,-12,,,KICKOFF,,2; LANE D10 (L1); LANE D38 (R1),,,,,,,,,0,14,0,0,0,,false,0,3,0.0,-0.31,,false,,,,,,,,,,,,,,,,,,65,,0.0,-0.31,29096_6521655,
6559830,29132,2025-10-04,2025,06,408248,239,1,0,10:47,0,,0,0,0,,,,0,,,,0,0,0,6,0,,0,6559812,6560048,,0.06,0,,9,0,,,0,0,,,0,0,,,,,,,,5-4,,ILNW D01 (FR5); ILNW D02 (FL1); ILNW D04 (FR4); ILNW D06 (FL2); ILNW D07 (FR1); ILNW D14 (FL3); ILNW D18 (FR2); ILNW D33 (FR3); ILNW D37 (FBM); ILNW D56 (FL5); ILNW D91 (FL4),ILNW D01 (0.0); ILNW D02 (0.0); ILNW D04 (0.0); ILNW D06 (0.0); ILNW D07 (0.0); ILNW D14 (0.0); ILNW D18 (0.0); ILNW D33 (0.0); ILNW D37 (0.0); ILNW D56 (0.0); ILNW D91 (0.0),,,ILNW,0,,,,,,,,,,,+3,,,,,0,,,C,C,,,,,,,,,,,LANE S43,MADE - M,,,,,,,,,,,,,,,LANE 01 (FRW); LANE 54 (FLT); LANE 55 (FRE); LANE 56 (FRG); LANE 58 (FLG); LANE 59 (FRT); LANE 64 (FLE); LANE D46 (FLW); LANE S33 (H); LANE S43 (FK); LANE S48 (FLS),LANE 01 (0.0); LANE 54 (0.0); LANE 55 (0.0); LANE 56 (0.0); LANE 58 (0.0); LANE 59 (0.0); LANE 64 (0.0); LANE D46 (0.0); LANE S33 (0.0); LANE S43 (0.0); LANE S48 (0.0),,,LANE,LANE 54; LANE 56; LANE 58; LANE 59; LANE 64; LANE D46; LANE S48,,,,,,,,,,,,,,,,,,,,,,,,,,+3,,,,,,,0,,,,0,,,0,,,,,,,,,,,,,+6,,,EXTRA POINT,,4; ILNW D02 (FL1); ILNW D07 (FR1); ILNW D18 (FR2); ILNW D37 (FBM),,,,,,,,,0,11,0,0,0,,false,3,3,0.0,0.0,,false,,,,,,,,,,,,,,,,,,3,1.48,0.0,0.0,29132_6559830,
6560048,29132,2025-10-04,2025,06,408248,259,1,0,10:47,0,,0,7,0,,,36,0,,,36,0,0,0,0,0,,0,6559830,6560264,10,0.07,0,,10,0,,,0,0,,1,0,0,ILNW 84,,,,,,,5-5,,LANE D03 (R4); LANE D07 (R2); LANE D09 (L4); LANE D10 (R1); LANE D12 (L5); LANE D13 (L1); LANE D19 (R3); LANE D21 (L3); LANE D24 (R5); LANE D27 (L2); LANE S43 (PK),LANE D03 (0.0); LANE D07 (0.0); LANE D09 (0.0); LANE D10 (+0.5); LANE D12 (0.0); LANE D13 (0.0); LANE D19 (0.0); LANE D21 (0.0); LANE D24 (0.0); LANE D27 (0.0); LANE S43 (0.0),,,LANE,0,,,,,,,,,,,-35,,,,,26,,3.13,C,C,,,,,,LANE D10 (R1),CC,36,R,R,LANE S43,RETURNED,P,38,5R,,,,,,,6-1-2,,,,,ILNW 06 (KR-L); ILNW 19 (KFB-R); ILNW 41 (RB); ILNW 80 (RF2); ILNW 81 (LF3); ILNW 84 (LB); ILNW 86 (LF2); ILNW D14 (LF1); ILNW D29 (RF1); ILNW D34 (RF3); ILNW D45 (MM),ILNW 06 (0.0); ILNW 19 (0.0); ILNW 41 (0.0); ILNW 80 (0.0); ILNW 81 (0.0); ILNW 84 (0.0); ILNW 86 (0.0); ILNW D14 (0.0); ILNW D29 (0.0); ILNW D34 (0.0); ILNW D45 (0.0),,,ILNW,,,,,,,,,,,,,,,,,,,,,,,,,,,+39,,,,LANE D10,,,0,,,,0,,,0,,,,,,L,L,ILNW 06,,,,,-7,,,KICKOFF,,2; LANE D10 (R1); LANE D13 (L1),LANE D10,,,,,,,,0,,0,0,0,,false,3,3,0.0,-2.776,,false,,,,,,,,,,,,,,,,,,65,,0.0,-2.776,29132_6560048,
6561926,29132,2025-10-04,2025,06,408248,834,1,4,01:41,0,,0,7,0,,,45,0,,,45,0,0,0,7,0,,0,6561872,6561969,,7.07,0,,32,0,,,0,0,,,0,0,,,,,,,,5-4,,ILNW D01 (FR6); ILNW D02 (FR1); ILNW D04 (FL4); ILNW D06 (FR2); ILNW D07 (FL1); ILNW D15 (FR5); ILNW D18 (FL2); ILNW D33 (FL3); ILNW D37 (FBM); ILNW D40 (FR3); ILNW D52 (FR4),ILNW D01 (0.0); ILNW D02 (0.0); ILNW D04 (0.0); ILNW D06 (0.0); ILNW D07 (0.0); ILNW D15 (0.0); ILNW D18 (0.0); ILNW D33 (0.0); ILNW D37 (0.0); ILNW D40 (0.0); ILNW D52 (0.0),,,ILNW,17,,,,,,,,,,,+27,,,,,0,,,R,L,,,,,,LANE S43 (FK),,,,,LANE S43,MISSED - S,,,,,,,,LANE S43,,,,,,,LANE 01 (FLW); LANE 54 (FRT); LANE 55 (FLE); LANE 56 (FRG); LANE 58 (FLG); LANE 59 (FLT); LANE 64 (FRE); LANE D46 (FRW); LANE S33 (H); LANE S43 (FK); LANE S48 (FLS),LANE 01 (0.0); LANE 54 (0.0); LANE 55 (0.0); LANE 56 (0.0); LANE 58 (0.0); LANE 59 (0.0); LANE 64 (0.0); LANE D46 (0.0); LANE S33 (0.0); LANE S43 (-0.5); LANE S48 (0.0),,,LANE,LANE 54; LANE 56; LANE 58; LANE 59; LANE 64; LANE D46; LANE S48,,,,,,,,,,,,,,,,,,,,,,,,,,+27,,,,,,,0,,,,0,,,0,,,,,,,,,,,,,0,,,FIELD GOAL,,3; ILNW D07 (FL1); ILNW D18 (FL2); ILNW D37 (FBM),,,,,,,,,0,8,0,0,0,,false,2,0,1.092,-2.95,,false,,,,,,,,,,,,,,,,,,27,1.51,1.092,-2.95,29132_6561926,
6564369,29132,2025-10-04,2025,06,408248,1893,2,4,01:32,0,,0,18,0,,,42,0,,1.31,42,0,0,0,7,0,,0,6564319,6564429,,18.07,0,1.00,71,0,,,0,0,,,0,0,,9; ILNW 24; ILNW 81; ILNW D07; ILNW D08; ILNW D18; ILNW D29; ILNW D34; ILNW D42; ILNW D45,,,,,,8-1,,ILNW 19 (PR); ILNW 24 (PDR4); ILNW 81 (PDL1); ILNW D07 (PLL); ILNW D08 (PDL2); ILNW D12 (VL); ILNW D18 (PDR1); ILNW D29 (PDL3); ILNW D34 (PDL4); ILNW D42 (PDR3); ILNW D45 (PDR2),ILNW 19 (0.0); ILNW 24 (0.0); ILNW 81 (0.0); ILNW D07 (0.0); ILNW D08 (0.0); ILNW D12 (0.0); ILNW D18 (0.0); ILNW D29 (0.0); ILNW D34 (0.0); ILNW D42 (0.0); ILNW D45 (0.0),,,ILNW,26,,,,,,,,,,,-45,,,,,42,LANE D12 (GRx),3.95,R,L,,,,,,LANE S47 (P); LANE S48 (PLS),CC,42,R,R,LANE S47,FAIR CATCH,N,52,7R,,,,,LANE S48,,,,,,,LANE 01 (PPL); LANE 82 (PPRo); LANE D07 (PLT); LANE D10 (PRT); LANE D12 (GR); LANE D19 (PRG); LANE D21 (PRW); LANE D41 (PPRi); LANE D46 (PLG); LANE S47 (P); LANE S48 (PLS),LANE 01 (0.0); LANE 82 (0.0); LANE D07 (0.0); LANE D10 (0.0); LANE D12 (0.0); LANE D19 (0.0); LANE D21 (0.0); LANE D41 (0.0); LANE D46 (0.0); LANE S47 (+0.5); LANE S48 (-0.5),,,LANE,LANE D07; LANE D10; LANE D12; LANE D19; LANE D21; LANE D46; LANE S48,2.31,,,,,,,,,,,,,,,,,,,,,,,,,+13,,,,LANE S47,,,0,,,,0,,,0,,L,,,,,,ILNW 19,,,,,-11,,,PUNT,,,,,,,,ILNW D12 (VL),,,0,20,0,0,0,,false,0,0,-1.493,0.853,,false,,,,,,,,,,,,,,,,,,55,,-1.493,0.853,29132_6564369,
6565777,29132,2025-10-04,2025,06,408248,2143,3,0,15:00,0,,0,7,0,,,31,0,,,31,0,0,0,18,0,,0,6564554,6565791,3,18.07,0,,80,0,,,0,0,,1,0,0,ILNW 84,,,,,,,5-5,,LANE D03 (R4); LANE D07 (R2); LANE D09 (L4); LANE D10 (R1); LANE D12 (L5); LANE D13 (L1); LANE D19 (R3); LANE D21 (L3); LANE D24 (R5); LANE D27 (L2); LANE S43 (PK),LANE D03 (+0.5); LANE D07 (0.0); LANE D09 (0.0); LANE D10 (0.0); LANE D12 (0.0); LANE D13 (0.0); LANE D19 (+0.5); LANE D21 (0.0); LANE D24 (-0.5); LANE D27 (0.0); LANE S43 (0.0),,,LANE,0,,,,,,,,,,,-35,,,,,28,,2.78,C,C,,,,,,LANE D03 (R4); LANE D19 (R3); LANE D24 (R5); ILNW 81 (LF3); ILNW 86 (LF2); ILNW 88 (LF1),CC,31,R,R,LANE S43,RETURNED,P,41,5R,,,,,LANE D24; ILNW 86; ILNW 88,,6-1-2,,,,,ILNW 06 (KR-L); ILNW 19 (KFB-R); ILNW 41 (RB); ILNW 80 (RF2); ILNW 81 (LF3); ILNW 84 (LB); ILNW 86 (LF2); ILNW 88 (LF1); ILNW D29 (RF1); ILNW D34 (RF3); ILNW D45 (MM),ILNW 06 (0.0); ILNW 19 (0.0); ILNW 41 (0.0); ILNW 80 (0.0); ILNW 81 (+0.5); ILNW 84 (0.0); ILNW 86 (-0.5); ILNW 88 (-0.5); ILNW D29 (0.0); ILNW D34 (0.0); ILNW D45 (0.0),,,ILNW,,,,,,,,,,,,,,,,,,,,,,,,,,,+37,,,,LANE D03; LANE D19; ILNW 81,,,0,,,,0,,,0,,,,,,L,L,ILNW 06,,,,,+11,,,KICKOFF,,2; LANE D10 (R1); LANE D13 (L1),LANE D19,,,,,,,,0,,0,0,0,,false,3,3,0.0,-2.634,,false,,,,,,,,,,,,,,,,,,65,,0.0,-2.634,29132_6565777,
6566528,29132,2025-10-04,2025,06,408248,2547,3,4,08:53,0,,0,25,0,,,45,0,,1.51,45,0,0,0,7,0,,0,6566487,6566640,5,25.07,0,0.96,96,0,,,0,0,,1,0,0,ILNW 19,10; ILNW 24; ILNW 81; ILNW D07; ILNW D08; ILNW D12; ILNW D18; ILNW D29; ILNW D34; ILNW D42; ILNW D45,,,,,,9-1,,ILNW 19 (PR); ILNW 24 (PDR3); ILNW 81 (PDL1); ILNW D07 (PDL3); ILNW D08 (PDL2); ILNW D12 (PDR2); ILNW D18 (PDR1); ILNW D29 (PDL4); ILNW D34 (PDL5); ILNW D42 (PDR4); ILNW D45 (PLM),ILNW 19 (0.0); ILNW 24 (0.0); ILNW 81 (0.0); ILNW D07 (0.0); ILNW D08 (0.0); ILNW D12 (-0.5); ILNW D18 (0.0); ILNW D29 (0.0); ILNW D34 (0.0); ILNW D42 (0.0); ILNW D45 (+0.5),,,ILNW,10,,,,,,,,,,,+49,,,,,40,,3.80,R,L,,,,,,LANE D21 (PLW); LANE S47 (P); LANE S48 (PLS); ILNW D12 (PDR2); ILNW D45 (PLM),CC,45,R,R,LANE S47,RETURNED,N,45,6R,,,,,LANE S47; LANE S48; ILNW D12,,,,,,,LANE 01 (PPL); LANE 82 (PPRo); LANE D07 (PLT); LANE D10 (PRT); LANE D12 (PRW); LANE D19 (PRG); LANE D21 (PLW); LANE D41 (PPRi); LANE D46 (PLG); LANE S47 (P); LANE S48 (PLS),LANE 01 (0.0); LANE 82 (0.0); LANE D07 (0.0); LANE D10 (0.0); LANE D12 (0.0); LANE D19 (0.0); LANE D21 (+0.5); LANE D41 (0.0); LANE D46 (0.0); LANE S47 (-0.5); LANE S48 (-0.5),,,LANE,LANE D07; LANE D10; LANE D12; LANE D19; LANE D21; LANE D46; LANE S48,2.47,,,,,,,,,,,,,,,,,,,,,,,,,+9,,,,LANE D21; ILNW D45,,,0,,,,0,,,0,,L,,,,R,R,ILNW 19,,,,,-18,,,PUNT,,,LANE D21,,,,,,,,0,5,0,0,0,,false,3,2,-1.138,0.861,,false,,,,,,,,,,,,,,,,,,49,,-1.138,0.861,29132_6566528,
6567234,29132,2025-10-04,2025,06,408248,2847,3,4,04:26,0,,0,32,0,,,35,0,,1.37,35,0,0,0,7,0,,0,6567206,6567396,,32.07,0,1.17,108,0,,,0,0,,,0,0,,9; ILNW 24; ILNW 81; ILNW D07; ILNW D08; ILNW D18; ILNW D29; ILNW D34; ILNW D42; ILNW D45,,,,,,8-1,,ILNW 19 (PR); ILNW 24 (PDR3); ILNW 81 (PDL1); ILNW D07 (PDR2); ILNW D08 (PDL2); ILNW D12 (VL); ILNW D18 (PDR1); ILNW D29 (PDL3); ILNW D34 (PDL4); ILNW D42 (PDR4); ILNW D45 (PLM),ILNW 19 (0.0); ILNW 24 (0.0); ILNW 81 (0.0); ILNW D07 (0.0); ILNW D08 (0.0); ILNW D12 (0.0); ILNW D18 (0.0); ILNW D29 (0.0); ILNW D34 (0.0); ILNW D42 (0.0); ILNW D45 (0.0),,,ILNW,17,,,,,,,,,,,-18,,,,,35,LANE D12 (GRa),2.63,L,R,,,,,,LANE S47 (P),BF,35,R,R,LANE S47,OUT OF BOUNDS,R,52,7R,,,,,,,,,,,,LANE 01 (PPL); LANE 82 (PPRo); LANE D07 (PLT); LANE D10 (PRT); LANE D12 (GR); LANE D19 (PRG); LANE D21 (PLW); LANE D41 (PPRi); LANE D46 (PLG); LANE S47 (P); LANE S48 (PLS),LANE 01 (0.0); LANE 82 (0.0); LANE D07 (0.0); LANE D10 (0.0); LANE D12 (0.0); LANE D19 (0.0); LANE D21 (0.0); LANE D41 (0.0); LANE D46 (0.0); LANE S47 (0.0); LANE S48 (0.0),,,LANE,LANE D07; LANE D10; LANE D12; LANE D19; LANE D21; LANE D46; LANE S48,2.54,,,,,,,,,,,,,,,,,,,,,,,,,+47,,,,,,,0,,,,0,,,0,,L,,,,,,ILNW 19,,,,,-25,,,PUNT,,,,,,,,ILNW D12 (VL),,,0,14,0,0,0,,false,3,2,-2.92,-0.381,,false,,,,,,,,,,,,,,,,,,82,,-2.92,-0.381,29132_6567234,
6568329,29132,2025-10-04,2025,06,408248,3326,4,4,12:55,0,,0,39,0,,,26,0,,1.55,26,0,0,0,7,0,,0,6568310,6568436,,39.07,0,1.05,125,0,,,0,0,,,0,0,,9; ILNW 81; ILNW D00; ILNW D18; ILNW D25; ILNW D29; ILNW D31; ILNW D34; ILNW D42; ILNW D45,,,,,,6-3,,ILNW 20 (PR); ILNW 81 (PDL1); ILNW D00 (PLR2); ILNW D18 (PDR1); ILNW D22 (VL); ILNW D25 (PLR1); ILNW D29 (PDL2); ILNW D31 (PDR2); ILNW D34 (PDL3); ILNW D42 (PDR3); ILNW D45 (PLR3),ILNW 20 (0.0); ILNW 81 (0.0); ILNW D00 (0.0); ILNW D18 (0.0); ILNW D22 (0.0); ILNW D25 (0.0); ILNW D29 (0.0); ILNW D31 (0.0); ILNW D34 (0.0); ILNW D42 (0.0); ILNW D45 (0.0),,,ILNW,19,,,,,,,,,,,-19,,,,,26,LANE D12 (GRx),2.49,R,L,,,,,,LANE S47 (P),OOB,26,R,R,LANE S47,OUT OF BOUNDS,R,53,7R,,,,,LANE S47,,,,,,,LANE 01 (PPL); LANE 82 (PPRo); LANE D07 (PLT); LANE D10 (PRT); LANE D12 (GR); LANE D19 (PRG); LANE D21 (PLW); LANE D41 (PPRi); LANE D46 (PLG); LANE S47 (P); LANE S48 (PLS),LANE 01 (0.0); LANE 82 (0.0); LANE D07 (0.0); LANE D10 (0.0); LANE D12 (0.0); LANE D19 (0.0); LANE D21 (0.0); LANE D41 (0.0); LANE D46 (0.0); LANE S47 (-1.0); LANE S48 (0.0),,,LANE,LANE D07; LANE D10; LANE D12; LANE D19; LANE D21; LANE D46; LANE S48,2.60,,,,,,,,,,,,,,,,,,,,,,,,,-45,,,,,,,0,,,,0,,,0,,L,,,,,,ILNW 20,,,,,-32,,,PUNT,,,,,,,,ILNW D22 (VL),,,0,10,0,0,0,,false,3,1,-2.874,-0.875,,false,,,,,,,,,,,,,,,,,,81,,-2.874,-0.875,29132_6568329,
6569053,29132,2025-10-04,2025,06,408248,3729,4,4,06:58,0,,0,42,0,,,37,1,,1.63,37,0,0,0,7,0,-15,0,6569022,6569173,,42.07,0,1.00,140,0,,,0,0,,,0,0,,8; ILNW D00; ILNW D08; ILNW D15; ILNW D34; ILNW D44; ILNW D45; ILNW D59; ILNW D93,,,,,,4-4,,ILNW 20 (PR); ILNW D00 (PLL1); ILNW D08 (PLR1); ILNW D12 (VL); ILNW D15 (PDR2); ILNW D25 (VR); ILNW D34 (PLL2); ILNW D44 (PDL2); ILNW D45 (PLR2); ILNW D59 (PDL1); ILNW D93 (PDR1),ILNW 20 (0.0); ILNW D00 (0.0); ILNW D08 (0.0); ILNW D12 (0.0); ILNW D15 (0.0); ILNW D25 (0.0); ILNW D34 (0.0); ILNW D44 (0.0); ILNW D45 (0.0); ILNW D59 (0.0); ILNW D93 (0.0),,,ILNW,19,,,,,,,,,,,-48,,,,,22,LANE D21 (GLx); LANE D12 (GRx),4.11,R,L,,,,,,LANE D12 (GR); LANE S47 (P); ILNW 20 (PR),CC,37,R,R,LANE S47,FAIR CATCH,N,40,5R,,,,,LANE D12; LANE S47,,,,,,,LANE 01 (PPL); LANE 82 (PPRo); LANE D07 (PLT); LANE D10 (PRT); LANE D12 (GR); LANE D19 (PRG); LANE D21 (GL); LANE D41 (PPRi); LANE D46 (PLG); LANE S47 (P); LANE S48 (PLS),LANE 01 (0.0); LANE 82 (0.0); LANE D07 (0.0); LANE D10 (0.0); LANE D12 (-1.0); LANE D19 (0.0); LANE D21 (0.0); LANE D41 (0.0); LANE D46 (0.0); LANE S47 (-0.5); LANE S48 (0.0),,,LANE,LANE D07; LANE D10; LANE D12; LANE D19; LANE D21; LANE D46; LANE S48,2.63,,,,,,,,,,,,,,,,,,,,,,LANE D12 FCI,,,+30,,,,,,,0,,,,0,,,0,,L,,,,,,ILNW 20,,,,,-35,,,PUNT,,,,,,,,ILNW D25 (VR); ILNW D12 (VL),,,0,11,0,0,0,,false,3,1,-1.317,-0.784,,false,,,,,,,,,,,,,,,,,,52,,-1.317,-0.784,29132_6569053,
6612387,29169,2025-10-11,2025,07,408272,41,1,0,15:00,0,,0,0,0,,,49,0,,,49,0,0,0,0,0,,0,,6612393,3,0.00,0,,1,0,,,0,0,,,0,0,SCCC 23,,,,,,,5-5,,LANE D07 (L2); LANE D09 (R4); LANE D10 (L4); LANE D12 (R5); LANE D13 (R1); LANE D19 (L3); LANE D21 (R3); LANE D23 (L1); LANE D24 (L5); LANE D27 (R2); LANE S42 (PK),LANE D07 (0.0); LANE D09 (0.0); LANE D10 (0.0); LANE D12 (0.0); LANE D13 (0.0); LANE D19 (0.0); LANE D21 (0.0); LANE D23 (0.0); LANE D24 (0.0); LANE D27 (0.0); LANE S42 (0.0),,,LANE,0,,,SCCC 00 (LF1); SCCC 15 (LF2); LANE D21 (R3),,,,,,,,-35,,,,,46,,,C,C,,,,,,SCCC 23 (KFB-R),CFFG,49,C,C,LANE S42,RETURNED,Q,20,4,,,,,SCCC 23,,5-1-3,,,,,SCCC 00 (LF1); SCCC 02 (KR-L); SCCC 15 (LF2); SCCC 17 (MF); SCCC 21 (MB); SCCC 23 (KFB-R); SCCC 44 (LB); SCCC D17 (RF1); SCCC D30 (MM); SCCC D44 (RB); SCCC D45 (RF2),SCCC 00 (0.0); SCCC 02 (0.0); SCCC 15 (0.0); SCCC 17 (0.0); SCCC 21 (0.0); SCCC 23 (-0.5); SCCC 44 (0.0); SCCC D17 (0.0); SCCC D30 (0.0); SCCC D44 (0.0); SCCC D45 (0.0),,,SCCC,,,,,,,,,,,,,,,,,,,,,,,,,,,+19,,,,,,,0,,,,0,,,0,,,,,,,,SCCC 02,,,,,0,,,KICKOFF,,2; LANE D13 (R1); LANE D23 (L1),,,,,,,,,0,5,0,0,0,TOOK A KNEE,false,3,3,0.0,-1.175,,false,,,,,,,,,,,,,,,,,,65,,0.0,-1.175,29169_6612387,
6612870,29169,2025-10-11,2025,07,408272,636,1,4,06:37,0,,0,3,0,,,35,0,,1.36,35,0,0,0,0,0,,0,6612850,6612948,2,3.00,0,1.02,23,0,,,0,0,,0,0,0,SCCC 04,9; SCCC 08; SCCC 20; SCCC 23; SCCC 84; SCCC D17; SCCC D22; SCCC D23; SCCC D25; SCCC D45,,,,,,9-0,,SCCC 04 (PR); SCCC 08 (PDL2); SCCC 20 (PDR3); SCCC 23 (PDR1); SCCC 84 (PDL1); SCCC D05 (VR); SCCC D17 (PDL5); SCCC D22 (PDL3); SCCC D23 (PDL4); SCCC D25 (PDR2); SCCC D45 (PDL6),SCCC 04 (0.0); SCCC 08 (0.0); SCCC 20 (0.0); SCCC 23 (0.0); SCCC 84 (0.0); SCCC D05 (0.0); SCCC D17 (0.0); SCCC D22 (0.0); SCCC D23 (0.0); SCCC D25 (0.0); SCCC D45 (0.0),,,SCCC,9,,,,,,,,,,,-26,,,,,33,LANE D12 (GLx),3.21,L,R,,,,,,LANE D12 (GL); LANE D21 (PLW); LANE S47 (P),CC,35,L,L,LANE S47,RETURNED,A,16,3L,,,,,LANE S47,,,,,,,LANE 01 (PPL); LANE 82 (PPRo); LANE D03 (PRT); LANE D07 (PLT); LANE D12 (GL); LANE D19 (PRG); LANE D21 (PLW); LANE D41 (PPRi); LANE D46 (PLG); LANE S47 (P); LANE S48 (PLS),LANE 01 (0.0); LANE 82 (0.0); LANE D03 (0.0); LANE D07 (0.0); LANE D12 (+0.5); LANE D19 (0.0); LANE D21 (+0.5); LANE D41 (0.0); LANE D46 (0.0); LANE S47 (-0.5); LANE S48 (0.0),,,LANE,LANE D03; LANE D07; LANE D12; LANE D19; LANE D21; LANE D46; LANE S48,2.38,,,,,,,,,,,,,,,,,,,,,,,,,+41,,,,LANE D12; LANE D21,,,0,2; SCCC 23 (PDR1); SCCC D23 (PDL4),,,0,,,0,,L,,,,,,SCCC 04,,,,,-3,,,PUNT,,,LANE D21,LANE D12,,,,SCCC D05 (VR),,,0,14,0,0,0,,false,3,3,-2.533,-0.381,,false,,,,,,,,,,,,,,,,,,74,,-2.533,-0.381,29169_6612870,
6613398,29169,2025-10-11,2025,07,408272,1083,1,4,00:32,0,,0,6,0,,,43,0,,1.62,43,0,0,0,0,0,,0,6613377,6613422,29,6.00,0,1.02,38,0,,,0,0,,23,0,0,SCCC 04,9; SCCC 08; SCCC 20; SCCC 23; SCCC D05; SCCC D17; SCCC D22; SCCC D23; SCCC D25; SCCC D45,,,,,,8-1,,SCCC 04 (PR); SCCC 08 (PDL1); SCCC 20 (PDR3); SCCC 23 (PDR1); SCCC 84 (VL); SCCC D05 (PLR); SCCC D17 (PDL4); SCCC D22 (PDL2); SCCC D23 (PDL3); SCCC D25 (PDR2); SCCC D45 (PDL5),SCCC 04 (-0.5); SCCC 08 (0.0); SCCC 20 (0.0); SCCC 23 (0.0); SCCC 84 (0.0); SCCC D05 (0.0); SCCC D17 (0.0); SCCC D22 (0.0); SCCC D23 (0.0); SCCC D25 (0.0); SCCC D45 (0.0),,,SCCC,21,,,,,,,,,,,-33,,,,SCCC 04,14,LANE D12 (GRx),2.64,R,L,,,,,,LANE 82 (PPRo); LANE D19 (PRG); LANE D41 (PPRi); LANE S47 (P); LANE S48 (PLS); SCCC 04 (PR),BOG,34,C,C,LANE S47,RETURNED,R,29,4,,LANE 82; LANE D19,,,LANE 82; LANE D19; LANE S47; LANE S48; SCCC 04,,,,,,,LANE 01 (PPL); LANE 82 (PPRo); LANE D07 (PLT); LANE D10 (PRT); LANE D12 (GR); LANE D19 (PRG); LANE D21 (PRW); LANE D41 (PPRi); LANE D46 (PLG); LANE S47 (P); LANE S48 (PLS),LANE 01 (0.0); LANE 82 (-0.5); LANE D07 (0.0); LANE D10 (0.0); LANE D12 (0.0); LANE D19 (-0.5); LANE D21 (0.0); LANE D41 (+0.5); LANE D46 (0.0); LANE S47 (-1.0); LANE S48 (-1.0),,,LANE,LANE D07; LANE D10; LANE D12; LANE D19; LANE D21; LANE D46; LANE S48,2.64,,,,,,,,,,,,,,,,,,,,,,,,,-47,,,,LANE D41,,,0,1; SCCC 23 (PDR1),,,0,,,0,,L,,,,R,L,SCCC 04,,,,,-6,,,PUNT,,,LANE D41,,,,,SCCC 84 (VL),,,0,9,0,0,0,,false,3,3,-2.168,-1.477,,false,,,,,,,,,,,,,,,,,,67,,-2.168,-1.477,29169_6613398,
6613696,29169,2025-10-11,2025,07,408272,1303,2,4,13:25,0,,0,6,0,,,29,0,,1.31,29,0,0,0,0,0,,0,6613620,6613739,,6.00,0,0.99,46,0,,,0,0,,,0,0,,9; SCCC 08; SCCC 20; SCCC 23; SCCC D05; SCCC D17; SCCC D22; SCCC D23; SCCC D25; SCCC D45,,,,,,7-2,,SCCC 04 (PR); SCCC 08 (PDL1); SCCC 20 (PDR3); SCCC 23 (PDR1); SCCC 84 (VL); SCCC D05 (PLL); SCCC D17 (PDL3); SCCC D22 (PDL2); SCCC D23 (PLM); SCCC D25 (PDR2); SCCC D45 (PDL4),SCCC 04 (0.0); SCCC 08 (0.0); SCCC 20 (0.0); SCCC 23 (0.0); SCCC 84 (0.0); SCCC D05 (0.0); SCCC D17 (0.0); SCCC D22 (0.0); SCCC D23 (0.0); SCCC D25 (0.0); SCCC D45 (0.0),,,SCCC,7,,,,,,,,,,,-42,,,,,29,LANE D12 (GRa),3.84,R,L,,,,,,LANE S47 (P),CC,29,R,R,LANE S47,FAIR CATCH,A,46,6R,,,,,LANE S47,,,,,,,LANE 01 (PPL); LANE 82 (PPRo); LANE D07 (PLT); LANE D10 (PRT); LANE D12 (GR); LANE D19 (PRG); LANE D20 (PRW); LANE D41 (PPRi); LANE D46 (PLG); LANE S47 (P); LANE S48 (PLS),LANE 01 (0.0); LANE 82 (0.0); LANE D07 (0.0); LANE D10 (0.0); LANE D12 (0.0); LANE D19 (0.0); LANE D20 (0.0); LANE D41 (0.0); LANE D46 (0.0); LANE S47 (-1.5); LANE S48 (0.0),,,LANE,LANE D07; LANE D10; LANE D12; LANE D19; LANE D20; LANE D46; LANE S48,2.30,,,,,,,,,,,,,,,,,,,,,,,,,+29,,,,,,,0,,,,0,,,0,,L,,,,,,SCCC 04,,,,,-6,,,PUNT,,,,,,,,SCCC 84 (VL),,,0,11,0,0,0,,false,3,3,-1.667,-0.353,,false,,,,,,,,,,,,,,,,,,58,,-1.667,-0.353,29169_6613696,
6613971,29169,2025-10-11,2025,07,408272,1557,2,4,10:00,0,,0,6,0,,,37,0,,1.20,37,0,0,0,0,0,,0,6613949,6614006,,6.00,0,1.04,55,0,,,0,0,,,0,0,,9; SCCC 08; SCCC 20; SCCC 23; SCCC 84; SCCC D17; SCCC D22; SCCC D23; SCCC D25; SCCC D45,,,,,,9-0,,SCCC 04 (PR); SCCC 08 (PDL2); SCCC 20 (PDL7); SCCC 23 (PDR1); SCCC 84 (PDL1); SCCC D05 (VR); SCCC D17 (PDL5); SCCC D22 (PDL3); SCCC D23 (PDL4); SCCC D25 (PDR2); SCCC D45 (PDL6),SCCC 04 (0.0); SCCC 08 (0.0); SCCC 20 (0.0); SCCC 23 (0.0); SCCC 84 (0.0); SCCC D05 (0.0); SCCC D17 (0.0); SCCC D22 (0.0); SCCC D23 (0.0); SCCC D25 (0.0); SCCC D45 (0.0),,,SCCC,22,,,,,,,,,,,-21,,,,,37,LANE D12 (GLa),3.59,L,R,,,,,,LANE S47 (P),BF,31,L,L,LANE S47,DOWNED,A,7,2L,,,,,LANE S47,,,,,,,LANE 01 (PPL); LANE 82 (PPRo); LANE D03 (PRT); LANE D07 (PLT); LANE D12 (GL); LANE D19 (PRG); LANE D20 (PRW); LANE D41 (PPRi); LANE D46 (PLG); LANE S47 (P); LANE S48 (PLS),LANE 01 (0.0); LANE 82 (0.0); LANE D03 (0.0); LANE D07 (0.0); LANE D12 (0.0); LANE D19 (0.0); LANE D20 (0.0); LANE D41 (0.0); LANE D46 (0.0); LANE S47 (-0.5); LANE S48 (0.0),,,LANE,LANE D03; LANE D07; LANE D12; LANE D19; LANE D20; LANE D46; LANE S48,2.24,,,,,,,,,,,,,,,,,,,,,,,,,+42,,,,,,,0,1; SCCC 23 (PDR1),,,0,,,0,,L,,,,,,SCCC 04,,,,,-6,,,PUNT,,,,,,,,SCCC D05 (VR),,,0,11,0,0,0,,false,3,2,-2.779,-0.203,,false,,,,,,,,,,,,,,,,,,79,,-2.779,-0.203,29169_6613971,
6614382,29169,2025-10-11,2025,07,408272,1892,2,4,04:48,0,,0,9,0,,,20,0,,1.39,20,0,0,0,0,0,,0,6614357,6614443,,9.00,0,1.11,68,0,,,0,0,,,0,0,,9; SCCC 08; SCCC 20; SCCC 23; SCCC D05; SCCC D17; SCCC D22; SCCC D23; SCCC D25; SCCC D45,,,,,,7-2,,SCCC 04 (PR); SCCC 08 (PDL1); SCCC 20 (PDL5); SCCC 23 (PDR1); SCCC 84 (VL); SCCC D05 (PLL); SCCC D17 (PDL3); SCCC D22 (PDL2); SCCC D23 (PLM); SCCC D25 (PDR2); SCCC D45 (PDL4),SCCC 04 (0.0); SCCC 08 (0.0); SCCC 20 (0.0); SCCC 23 (0.0); SCCC 84 (0.0); SCCC D05 (0.0); SCCC D17 (0.0); SCCC D22 (0.0); SCCC D23 (0.0); SCCC D25 (0.0); SCCC D45 (0.0),,,SCCC,5,,,,,,,,,,,-30,,,,,20,LANE D20 (GRa),4.05,C,C,,,,,,LANE S47 (P),OOB,20,R,R,LANE S47,OUT OF BOUNDS,A,53,7R,,,,,LANE S47,,,,,,,LANE 01 (PPL); LANE 82 (PPRo); LANE D07 (PLT); LANE D10 (PRT); LANE D12 (PRW); LANE D19 (PRG); LANE D20 (GR); LANE D41 (PPRi); LANE D46 (PLG); LANE S47 (P); LANE S48 (PLS),LANE 01 (0.0); LANE 82 (0.0); LANE D07 (0.0); LANE D10 (0.0); LANE D12 (0.0); LANE D19 (0.0); LANE D20 (0.0); LANE D41 (0.0); LANE D46 (0.0); LANE S47 (-1.0); LANE S48 (0.0),,,LANE,LANE D07; LANE D10; LANE D12; LANE D19; LANE D20; LANE D46; LANE S48,2.50,,,,,,,,,,,,,,,,,,,,,,,,,+50,,,,,,,0,,,,0,,,0,,L,,,,,,SCCC 04,,,,,-9,,,PUNT,,,,,,,,SCCC 84 (VL),,,0,10,0,0,0,,false,3,2,-2.327,-1.151,,false,,,,,,,,,,,,,,,,,,70,,-2.327,-1.151,29169_6614382,
6614774,29169,2025-10-11,2025,07,408272,2145,2,4,01:30,0,,0,9,0,,,35,0,,1.31,35,0,0,0,0,0,,0,6614716,6614810,,9.00,0,1.04,77,0,,,0,0,,,0,0,,9; SCCC 08; SCCC 20; SCCC 23; SCCC D05; SCCC D17; SCCC D22; SCCC D23; SCCC D25; SCCC D45,,,,,,7-2,,SCCC 04 (PR); SCCC 08 (PDL1); SCCC 20 (PDR3); SCCC 23 (PDR1); SCCC 84 (VL); SCCC D05 (PLL); SCCC D17 (PDL3); SCCC D22 (PDL2); SCCC D23 (PLM); SCCC D25 (PDR2); SCCC D45 (PDL4),SCCC 04 (0.0); SCCC 08 (0.0); SCCC 20 (0.0); SCCC 23 (0.0); SCCC 84 (0.0); SCCC D05 (0.0); SCCC D17 (0.0); SCCC D22 (0.0); SCCC D23 (0.0); SCCC D25 (0.0); SCCC D45 (0.0),,,SCCC,19,,,,,,,,,,,-38,,,,,35,LANE D20 (GRa),3.14,R,L,,,,,,LANE S47 (P),CC,35,R,R,LANE S47,FAIR CATCH,N,48,6R,,,,,,,,,,,,LANE 01 (PPL); LANE 82 (PPRo); LANE D07 (PLT); LANE D10 (PRT); LANE D12 (PRW); LANE D19 (PRG); LANE D20 (GR); LANE D41 (PPRi); LANE D46 (PLG); LANE S47 (P); LANE S48 (PLS),LANE 01 (0.0); LANE 82 (0.0); LANE D07 (0.0); LANE D10 (0.0); LANE D12 (0.0); LANE D19 (0.0); LANE D20 (0.0); LANE D41 (0.0); LANE D46 (0.0); LANE S47 (0.0); LANE S48 (0.0),,,LANE,LANE D07; LANE D10; LANE D12; LANE D19; LANE D20; LANE D46; LANE S48,2.35,,,,,,,,,,,,,,,,,,,,,,,,,+27,,,,,,,0,,,,0,,,0,,L,,,,,,SCCC 04,,,,,-9,,,PUNT,,,,,,,,SCCC 84 (VL),,,0,21,0,0,0,,false,2,2,-1.893,0.035,,false,,,,,,,,,,,,,,,,,,62,,-1.893,0.035,29169_6614774,
6616059,29169,2025-10-11,2025,07,408272,2818,3,0,09:38,1,1,0,16,0,,,3,0,,,,0,1,0,6,0,,0,6615978,6616118,,16.06,1,,102,0,,1.9,0,0,5,0,0,0,LANE 28,9; SCCC D06 (11); SCCC D08 (29); SCCC D19 (26); SCCC D20 (16); SCCC D42 (06); SCCC D92 (16); SCCC D97 (22); SCCC D98 (37); SCCC D99 (29),,R,,,LCB (1); SCBL (2),LEO (06); LLB (11); LILB (16); DLT (16); NT (22); RILB (26); RE (29); RLB (29); REO (37),5-1-5,SCCC D04 (LCB); SCCC D06 (LLB); SCCC D08 (RLB); SCCC D14 (SCBL); SCCC D19 (RILB); SCCC D20 (LILB); SCCC D42 (LEO); SCCC D92 (DLT); SCCC D97 (NT); SCCC D98 (REO); SCCC D99 (RE),SCCC D04 (0.0); SCCC D06 (0.0); SCCC D08 (0.0); SCCC D14 (0.0); SCCC D19 (0.0); SCCC D20 (-0.5); SCCC D42 (0.0); SCCC D92 (0.0); SCCC D97 (0.0); SCCC D98 (0.0); SCCC D99 (0.0),,F,SCCC,0,,LEO (06); DLT (16); NT (22); RE (29); REO (37),,,,,,,0,RR,+3,,,,,0,,,L,R,,,,,,LANE 02 (SRWR); LANE 28 (HB-R); SCCC D20 (LILB),,,,,,,,,,LLB (3); LILB (2); RILB (2); RLB (3),,O,O,SCCC D20,TE-L^; HB-R; TE-R; SRWR; RWR^,1x3,OL>TE-L,2-0-1-1 (*),11 (*),LANE 02; LANE 07; LANE 28; LANE 54; LANE 85,LANE 02 (SRWR); LANE 07 (RWR); LANE 17 (QB); LANE 28 (HB-R); LANE 52 (LG); LANE 54 (TE-L); LANE 55 (LT); LANE 56 (RG); LANE 58 (C); LANE 67 (RT); LANE 85 (TE-R),LANE 02 (+0.5); LANE 07 (0.0); LANE 17 (0.0); LANE 28 (+0.5); LANE 52 (0.0); LANE 54 (0.0); LANE 55 (0.0); LANE 56 (0.0); LANE 58 (0.0); LANE 67 (0.0); LANE 85 (0.0),,T,LANE,LANE 07; LANE 54,,7; LANE 52 (LG); LANE 54 (TE-L); LANE 55 (LT); LANE 56 (RG); LANE 58 (C); LANE 67 (RT); LANE 85 (TE-R),,0b,SCCC D20,,5; SCCC D04; SCCC D06; SCCC D08; SCCC D14; SCCC D20,-2,M,LANE 17 (QB),TE-L k; HB-R h21(-2); TE-R k; SRWR 2(0); RWR 99,-; H4; -; 2; 9,LANE 54 k; LANE 28 h21(-2); LANE 85 k; LANE 02 2(0); LANE 07 99,HB-R,LANE 28,COMPLETE,h21(-2),H2,6; SCCC D19 (RILB); SCCC D42 (LEO); SCCC D92 (DLT); SCCC D97 (NT); SCCC D98 (REO); SCCC D99 (RE),,43,5R,,,,+3,,,,LANE 02; LANE 28,SCCC D04 > LANE 07,,0,,,LANE 17,0,,,0,,HB-R,HB-R (-5),,1; LANE 28 (HB-R),,,,,,P,,-10,LANE 28 (B:B); LANE 85* (L:Rx),S,,,,,,L;R,,,,SRWR(+8.5); RWR^(+19.5),,0,20,0,0,0,,false,3,3,0.0,1.0,Flat,false,12H,LANE 28,LANE 85,LANE 02; LANE 07,GUN STRONG,TREY - CLOSED,TE-oL; TE-iL; HB; SRWR; RWR,2x2,SLOT - WING,NICKEL,SCCC D04; SCCC D06; SCCC D08; SCCC D14; SCCC D19,SCCC D20,SCCC D42; SCCC D92; SCCC D97; SCCC D98; SCCC D99,OVER,DOUBLE MUG,COVER 0,,3,,0.0,1.0,29169_6616059,
6616118,29169,2025-10-11,2025,07,408272,2836,3,0,09:38,0,,0,8,0,,,54,0,,,54,0,0,0,16,0,,0,6616059,6616157,21,16.08,0,,103,0,,,0,0,,2,0,0,SCCC 02,,,,,,,5-5,,LANE D07 (L2); LANE D10 (L4); LANE D12 (R5); LANE D13 (R1); LANE D19 (L3); LANE D21 (R3); LANE D23 (L1); LANE D24 (L5); LANE D27 (R2); LANE D29 (R4); LANE S42 (PK),LANE D07 (0.0); LANE D10 (0.0); LANE D12 (0.0); LANE D13 (0.0); LANE D19 (0.0); LANE D21 (0.0); LANE D23 (0.0); LANE D24 (+0.5); LANE D27 (0.0); LANE D29 (0.0); LANE S42 (0.0),,,LANE,0,,,SCCC 00 (LF1); SCCC 15 (LF2); LANE D21 (R3),,,,,,,,-35,,,,,33,,,C,C,,,,,,LANE D24 (L5),CFFG,54,L,L,LANE S42,RETURNED,Q,19,3L,,,,,,,5-1-3,,,,,SCCC 00 (LF1); SCCC 02 (KR-R); SCCC 15 (LF2); SCCC 17 (MF); SCCC 21 (MB); SCCC 23 (KFB-L); SCCC 44 (LB); SCCC D17 (RF1); SCCC D30 (MM); SCCC D44 (RB); SCCC D45 (RF2),SCCC 00 (0.0); SCCC 02 (0.0); SCCC 15 (0.0); SCCC 17 (0.0); SCCC 21 (0.0); SCCC 23 (0.0); SCCC 44 (0.0); SCCC D17 (0.0); SCCC D30 (0.0); SCCC D44 (0.0); SCCC D45 (0.0),,,SCCC,,,,,,,,,,,,,,,,,,,,,,,,,,,+32,,,,LANE D24,,,0,,,,0,,,0,,,,,,R,R,SCCC 02,,,,,+8,,,KICKOFF,,2; LANE D13 (R1); LANE D23 (L1),LANE D24,,,,,,,,0,17,0,0,0,,false,3,3,0.0,-2.258,,false,,,,,,,,,,,,,,,,,,65,,0.0,-2.258,29169_6616118,
6616657,29169,2025-10-11,2025,07,408272,3324,3,4,02:52,0,,0,23,0,,,35,0,,1.92,35,0,0,0,8,0,,0,6616602,6616714,,23.08,0,1.09,122,0,,,0,0,,,0,0,,8; SCCC D05; SCCC D12; SCCC D19; SCCC D30; SCCC D42; SCCC D52; SCCC D55; SCCC D97,,,,,,4-4,,SCCC 04 (PR); SCCC D02 (VR); SCCC D05 (PLL1); SCCC D10 (VL); SCCC D12 (PLR1); SCCC D19 (PLR2); SCCC D30 (PDL1); SCCC D42 (PDR1); SCCC D52 (PDL2); SCCC D55 (PLL2); SCCC D97 (PDR2),SCCC 04 (0.0); SCCC D02 (0.0); SCCC D05 (0.0); SCCC D10 (0.0); SCCC D12 (0.0); SCCC D19 (0.0); SCCC D30 (0.0); SCCC D42 (0.0); SCCC D52 (0.0); SCCC D55 (0.0); SCCC D97 (0.0),,,SCCC,6,,,,,,,,,,,+50,,,,,35,LANE D20 (GLa); LANE D12 (GRx),3.54,L,R,,,,,,LANE S47 (P),CC,35,L,L,LANE S47,FAIR CATCH,A,5,2L,,,,,,,,,,,,LANE 01 (PPL); LANE 82 (PPRo); LANE D07 (PLT); LANE D10 (PRT); LANE D12 (GR); LANE D19 (PRG); LANE D20 (GL); LANE D41 (PPRi); LANE D46 (PLG); LANE S47 (P); LANE S48 (PLS),LANE 01 (0.0); LANE 82 (0.0); LANE D07 (0.0); LANE D10 (0.0); LANE D12 (0.0); LANE D19 (0.0); LANE D20 (0.0); LANE D41 (0.0); LANE D46 (0.0); LANE S47 (0.0); LANE S48 (0.0),,,LANE,LANE D07; LANE D10; LANE D12; LANE D19; LANE D20; LANE D46; LANE S48,3.01,,,,,,,,,,,,,,,,,,,,,,,,,+15,,,,,,,0,1; SCCC D52 (PDL2),,,0,,,0,,L,,,,,,SCCC 04,,,,,-15,,,PUNT,,,,,,,,SCCC D10 (VL); SCCC D02 (VR),,,0,1,0,0,0,,false,3,2,-1.198,0.378,,false,,,,,,,,,,,,,,,,,,50,,-1.198,0.378,29169_6616657,
6617088,29169,2025-10-11,2025,07,408272,3641,4,4,12:21,0,,0,23,0,,,22,0,,1.17,22,0,0,0,8,0,,0,6617058,6617273,,23.08,0,1.02,134,0,,,0,0,,,0,0,,9; SCCC 08; SCCC 20; SCCC 23; SCCC 84; SCCC D17; SCCC D22; SCCC D23; SCCC D25; SCCC D45,,,,,,7-2,,SCCC 04 (PR); SCCC 08 (PDR1); SCCC 20 (PDR3); SCCC 23 (PDL1); SCCC 84 (PLR); SCCC D05 (VR); SCCC D17 (PDL3); SCCC D22 (PDL2); SCCC D23 (PLM); SCCC D25 (PDR2); SCCC D45 (PDL4),SCCC 04 (0.0); SCCC 08 (0.0); SCCC 20 (0.0); SCCC 23 (0.0); SCCC 84 (0.0); SCCC D05 (0.0); SCCC D17 (0.0); SCCC D22 (0.0); SCCC D23 (0.0); SCCC D25 (0.0); SCCC D45 (0.0),,,SCCC,12,,,,,,,,,,,-39,,,,,22,LANE D13 (GLx),2.76,L,R,,,,,,LANE S47 (P),OOB,22,L,L,LANE S47,OUT OF BOUNDS,N,0,1L,,,,,LANE S47,,,,,,,LANE 01 (PPL); LANE 82 (PPRo); LANE D07 (PLT); LANE D10 (PRT); LANE D13 (GL); LANE D19 (PRG); LANE D21 (PRW); LANE D41 (PPRi); LANE D46 (PLG); LANE S47 (P); LANE S48 (PLS),LANE 01 (0.0); LANE 82 (0.0); LANE D07 (0.0); LANE D10 (0.0); LANE D13 (0.0); LANE D19 (0.0); LANE D21 (0.0); LANE D41 (0.0); LANE D46 (0.0); LANE S47 (-1.0); LANE S48 (0.0),,,LANE,LANE D07; LANE D10; LANE D13; LANE D19; LANE D21; LANE D46; LANE S48,2.19,,,,,,,,,,,,,,,,,,,,,,,,,+39,,,,,,,0,1; SCCC 08 (PDR1),,,0,,,0,,L,,,,,,SCCC 04,,,,,-15,,,PUNT,,,,,,,,SCCC D05 (VR),,,0,11,0,0,0,,false,3,2,-1.837,-0.939,,false,,,,,,,,,,,,,,,,,,61,,-1.837,-0.939,29169_6617088,
6643835,29264,2025-10-18,2025,08,408445,41,1,0,15:00,0,,0,0,0,,,51,0,,,51,0,0,0,0,0,,0,,6643844,18,0.00,0,,1,0,,,0,0,,2,0,0,ALTR 02,,,,,,,4-6,,LANE D07 (L2); LANE D09 (R3); LANE D10 (L4); LANE D12 (R4); LANE D13 (R1); LANE D19 (L3); LANE D21 (R5); LANE D23 (L1); LANE D24 (R6); LANE D27 (R2); LANE S42 (PK),LANE D07 (0.0); LANE D09 (0.0); LANE D10 (0.0); LANE D12 (0.0); LANE D13 (0.0); LANE D19 (0.0); LANE D21 (0.0); LANE D23 (0.0); LANE D24 (0.0); LANE D27 (+0.5); LANE S42 (-0.5),,,LANE,0,,,,,,,,,,,-35,,,,,33,,3.11,C,C,,,,,,LANE D27 (R2); LANE S42 (PK),CC,51,C,C,LANE S42,RETURNED,D,22,4,,,,,LANE S42,,6-0-4,,,,,ALTR 02 (KR); ALTR 04 (LF2); ALTR 07 (RB1); ALTR 13 (LF3); ALTR 18 (LB1); ALTR 82 (LF1); ALTR 88 (LB2); ALTR 89 (RB2); ALTR D04 (RF2); ALTR D20 (RF3); ALTR D30 (RF1),ALTR 02 (0.0); ALTR 04 (0.0); ALTR 07 (0.0); ALTR 13 (0.0); ALTR 18 (0.0); ALTR 82 (0.0); ALTR 88 (0.0); ALTR 89 (0.0); ALTR D04 (0.0); ALTR D20 (0.0); ALTR D30 (0.0),,,ALTR,,,,,,,,,,,,,,,,,,,,,,,,,,,+32,,,,LANE D27,,,0,,,,0,,,0,,,,,,C,C,ALTR 02,,,,,0,,,KICKOFF,,3; LANE D13 (R1); LANE D21 (R5); LANE D23 (L1),LANE D27,,,,,,,,0,,0,0,0,,false,3,3,0.0,-0.938,,false,,,,,,,,,,,,,,,,,,65,,0.0,-0.938,29264_6643835,
6644360,29264,2025-10-18,2025,08,408445,352,1,4,11:28,0,,0,7,0,,,39,0,,1.32,39,0,0,0,0,0,,0,6644314,6644516,,0.07,0,1.03,13,1,,,0,0,,,0,0,,8; ALTR 08; ALTR 13; ALTR 82; ALTR D16; ALTR D20; ALTR D30; ALTR D45; ALTR D53,,,,,,8-0,,ALTR 02 (PR); ALTR 08 (PDL4); ALTR 13 (PDL5); ALTR 82 (PDR2); ALTR D16 (PDL6); ALTR D17 (VL); ALTR D20 (PDL3); ALTR D30 (PDL2); ALTR D31 (VR); ALTR D45 (PDR1); ALTR D53 (PDL1),ALTR 02 (0.0); ALTR 08 (0.0); ALTR 13 (0.0); ALTR 82 (0.0); ALTR D16 (0.0); ALTR D17 (0.0); ALTR D20 (0.0); ALTR D30 (0.0); ALTR D31 (0.0); ALTR D45 (0.0); ALTR D53 (0.0),,,ALTR,7,,,,,,,,,,,-28,,,,,39,LANE D21 (GLx); LANE D12 (GRa),4.13,R,L,,,,,,LANE S47 (P),CC,39,R,R,LANE S47,FAIR CATCH,N,47,6R,,,,,,,,,,,,LANE 82 (PPRo); LANE D01 (PPL); LANE D03 (PRT); LANE D07 (PLT); LANE D12 (GR); LANE D19 (PRG); LANE D21 (GL); LANE D30 (PLG); LANE D41 (PPRi); LANE S47 (P); LANE S48 (PLS),LANE 82 (0.0); LANE D01 (0.0); LANE D03 (0.0); LANE D07 (0.0); LANE D12 (0.0); LANE D19 (0.0); LANE D21 (0.0); LANE D30 (0.0); LANE D41 (0.0); LANE S47 (0.0); LANE S48 (0.0),,,LANE,LANE D03; LANE D07; LANE D12; LANE D19; LANE D21; LANE D30; LANE S48,2.35,,,,,,,,,,,,,,,,,,,,,,,,,+33,,,,,,,0,5; ALTR 08 (PDL4); ALTR 13 (PDL5); ALTR D16 (PDL6); ALTR D30 (PDL2); ALTR D45 (PDR1),,,0,,,0,,L,,,,,,ALTR 02,,,,,-7,,,PUNT,,,,,,,,ALTR D31 (VR); ALTR D17 (VL),,,0,14,0,0,0,,false,3,3,-1.161,0.135,,false,,,,,,,,,,,,,,,,,,72,,-1.161,0.135,29264_6644360,
6645773,29264,2025-10-18,2025,08,408445,1049,2,0,14:55,0,,0,10,0,,,3,0,,,,0,1,0,6,0,,0,6645709,6645995,,6.10,0,,39,0,,,0,1,,1,0,0,LANE S33,,,,,,,,3-3-5,ALTR D03 (FL2); ALTR D05 (FL1); ALTR D06 (FR3); ALTR D07 (FR2); ALTR D08 (FR1); ALTR D14 (FL3); ALTR D22 (FR4); ALTR D44 (FL4); ALTR D69 (FL5); ALTR D93 (FL6); ALTR D99 (FL7),ALTR D03 (0.0); ALTR D05 (0.0); ALTR D06 (0.0); ALTR D07 (0.0); ALTR D08 (0.0); ALTR D14 (0.0); ALTR D22 (0.0); ALTR D44 (0.0); ALTR D69 (0.0); ALTR D93 (0.0); ALTR D99 (0.0),,F,ALTR,0,,,,,,,,,,,+3,ALTR D14,,,,0,,,C,C,,,,,,LANE S33 (H); LANE S48 (FLS),,,,,,,,,,,,,,LANE S48,FLT^; FRE; FRT^; FRG^; FLS^; FLE^; H; FK; FRW; FLW^; FLG^,,,X-X-X-X,Unknown,,LANE 01 (FRW); LANE 17 (FK); LANE 54 (FLT); LANE 55 (FRE); LANE 56 (FRG); LANE 58 (FLG); LANE 59 (FRT); LANE 64 (FLE); LANE D46 (FLW); LANE S33 (H); LANE S48 (FLS),LANE 01 (0.0); LANE 17 (0.0); LANE 54 (0.0); LANE 55 (0.0); LANE 56 (0.0); LANE 58 (0.0); LANE 59 (0.0); LANE 64 (0.0); LANE D46 (0.0); LANE S33 (+0.5); LANE S48 (-1.0),,T,LANE,LANE 54; LANE 56; LANE 58; LANE 59; LANE 64; LANE D46; LANE S48,,,,,,,,,,,,,,,,,,,,,,,,,,+3,RE,,RE,LANE S33,,,0,,,,0,,,0,,EMPTY,,U,,,,,UNDEFINED,,R,,-4,,S,,,,,,,,,,,,0,16,0,0,0,,false,2,3,0.0,1.0,,false,02H,,LANE 01,,GUN EMPTY,OTHER,,,,NICKEL,ALTR D03; ALTR D05; ALTR D06; ALTR D08; ALTR D14,ALTR D07; ALTR D22; ALTR D44,ALTR D69; ALTR D93; ALTR D99,NO INTERIOR FAMILY,,,,3,,0.0,1.0,29264_6645773,
6645995,29264,2025-10-18,2025,08,408445,1067,2,0,14:55,0,,0,8,0,,,62,0,,,62,0,0,0,10,0,,0,6645773,6646056,25,8.10,0,,40,0,,,0,0,,1,0,0,ALTR 02,,,,,,,4-6,,LANE D07 (L2); LANE D08 (R3); LANE D10 (L4); LANE D12 (R4); LANE D13 (R1); LANE D19 (L3); LANE D21 (R5); LANE D23 (L1); LANE D24 (R6); LANE D27 (R2); LANE S42 (PK),LANE D07 (0.0); LANE D08 (-0.5); LANE D10 (-0.5); LANE D12 (0.0); LANE D13 (0.0); LANE D19 (0.0); LANE D21 (0.0); LANE D23 (0.0); LANE D24 (+0.5); LANE D27 (0.0); LANE S42 (0.0),,,LANE,0,,,,,,,,,,,-35,,,,,37,,3.02,C,C,,,,,,LANE D08 (R3); LANE D10 (L4); LANE D24 (R6); ALTR 82 (LF1); ALTR 88 (RB2); ALTR D20 (RF3),CC,62,C,L,LANE S42,RETURNED,D,25,4,,,,,LANE D08; LANE D10; ALTR 88,,6-0-4,,,,,ALTR 02 (KR); ALTR 04 (LF2); ALTR 07 (RB1); ALTR 13 (LF3); ALTR 18 (LB1); ALTR 82 (LF1); ALTR 88 (RB2); ALTR 89 (LB2); ALTR D04 (RF2); ALTR D20 (RF3); ALTR D30 (RF1),ALTR 02 (0.0); ALTR 04 (0.0); ALTR 07 (0.0); ALTR 13 (0.0); ALTR 18 (0.0); ALTR 82 (+0.5); ALTR 88 (-0.5); ALTR 89 (0.0); ALTR D04 (0.0); ALTR D20 (0.0); ALTR D30 (0.0),,,ALTR,,,,,,,,,,,,,,,,,,,,,,,,,,,+28,,,,LANE D24; ALTR 82,,,0,,,,0,,,0,,,,,,C,C,ALTR 02,,,,,+2,,,KICKOFF,,3; LANE D13 (R1); LANE D23 (L1); LANE D24 (R6),LANE D24,,,,,,,,0,9,0,0,0,,false,3,2,0.0,-0.581,,false,,,,,,,,,,,,,,,,,,65,,0.0,-0.581,29264_6645995,
6647413,29264,2025-10-18,2025,08,408445,1586,2,4,05:58,0,,0,10,0,,,32,0,,,32,0,0,0,8,0,,0,6647373,6647594,,8.10,0,,59,0,,,0,0,,,0,0,,,,,,,,5-4,,ALTR D00 (FL3); ALTR D03 (FR4); ALTR D06 (FBL); ALTR D07 (FL2); ALTR D08 (FR1); ALTR D10 (FL1); ALTR D14 (FR2); ALTR D15 (FL4); ALTR D19 (FR5); ALTR D44 (FR3); ALTR D99 (FR6),ALTR D00 (0.0); ALTR D03 (0.0); ALTR D06 (0.0); ALTR D07 (0.0); ALTR D08 (0.0); ALTR D10 (0.0); ALTR D14 (0.0); ALTR D15 (0.0); ALTR D19 (0.0); ALTR D44 (0.0); ALTR D99 (0.0),,,ALTR,6,,,,,,,,,,,+14,,,,,-6,,,R,L,,,,,,LANE S37 (FK); LANE S48 (FLS),,,,,LANE S37,MISSED - S,,,,,,,,LANE S37; LANE S48,,,,,,,LANE 01 (FLW); LANE 54 (FRT); LANE 55 (FLE); LANE 56 (FRG); LANE 58 (FLG); LANE 59 (FLT); LANE 64 (FRE); LANE D46 (FRW); LANE S33 (H); LANE S37 (FK); LANE S48 (FLS),LANE 01 (0.0); LANE 54 (0.0); LANE 55 (0.0); LANE 56 (0.0); LANE 58 (0.0); LANE 59 (0.0); LANE 64 (0.0); LANE D46 (0.0); LANE S33 (0.0); LANE S37 (-1.0); LANE S48 (-0.5),,,LANE,LANE 54; LANE 55; LANE 56; LANE 58; LANE 59; LANE 64; LANE S48,,,,,,,,,,,,,,,,,,,,,,,,,,+20,,,,,,,0,,,,0,,,0,,,,,,,,,,,,,-2,,,FIELD GOAL,,6; ALTR D06 (FBL); ALTR D08 (FR1); ALTR D10 (FL1); ALTR D14 (FR2); ALTR D19 (FR5); ALTR D99 (FR6),,,,,,,,,0,,0,0,0,,false,2,0,2.531,-2.385,,false,,,,,,,,,,,,,,,,,,14,1.36,2.531,-2.385,29264_6647413,
6650720,29264,2025-10-18,2025,08,408445,2446,3,0,09:40,0,,0,17,0,,,,0,,,,0,0,0,14,0,,0,6650703,6650899,,14.17,0,,91,0,,,0,0,,,0,0,,,,,,,,5-4,,ALTR D01 (FL5); ALTR D03 (FL2); ALTR D06 (FBR); ALTR D07 (FR2); ALTR D08 (FL1); ALTR D10 (FR1); ALTR D22 (FR3); ALTR D24 (FBL); ALTR D44 (FL3); ALTR D69 (FL4); ALTR D99 (FL6),ALTR D01 (0.0); ALTR D03 (0.0); ALTR D06 (0.0); ALTR D07 (0.0); ALTR D08 (0.0); ALTR D10 (0.0); ALTR D22 (0.0); ALTR D24 (0.0); ALTR D44 (0.0); ALTR D69 (0.0); ALTR D99 (0.0),,,ALTR,0,,,,,,,,,,,+3,,,,,0,,,C,C,,,,,,LANE 17 (FK),,,,,LANE 17,MISSED - WL,,,,,,,,LANE 17,,,,,,,LANE 01 (FRW); LANE 17 (FK); LANE 54 (FLT); LANE 55 (FRE); LANE 56 (FRG); LANE 58 (FLG); LANE 59 (FRT); LANE 64 (FLE); LANE D46 (FLW); LANE S33 (H); LANE S48 (FLS),LANE 01 (0.0); LANE 17 (-1.5); LANE 54 (0.0); LANE 55 (0.0); LANE 56 (0.0); LANE 58 (0.0); LANE 59 (0.0); LANE 64 (0.0); LANE D46 (0.0); LANE S33 (0.0); LANE S48 (0.0),,,LANE,LANE 54; LANE 55; LANE 56; LANE 58; LANE 59; LANE 64; LANE S48,,,,,,,,,,,,,,,,,,,,,,,,,,+3,,,,,,,0,,,,0,,,0,,,,,,,,,,,,,-3,,,EXTRA POINT,,4; ALTR D06 (FBR); ALTR D08 (FL1); ALTR D10 (FR1); ALTR D24 (FBL),,,,,,,,,0,16,0,0,0,,false,3,3,0.0,-1.0,,false,,,,,,,,,,,,,,,,,,3,1.40,0.0,-1.0,29264_6650720,
6650899,29264,2025-10-18,2025,08,408445,2466,3,0,09:40,0,,0,14,0,,,50,0,,,50,0,0,0,17,0,,0,6650720,6650948,26,14.17,0,,92,0,,,0,0,,3,0,0,ALTR 02,,,,,,,5-5,,LANE D07 (L2); LANE D10 (L4); LANE D12 (R4); LANE D13 (R1); LANE D19 (L3); LANE D21 (R5); LANE D23 (L1); LANE D24 (L5); LANE D27 (R2); LANE D29 (R3); LANE S42 (PK),LANE D07 (+0.5); LANE D10 (0.0); LANE D12 (+0.5); LANE D13 (0.0); LANE D19 (-0.5); LANE D21 (0.0); LANE D23 (0.0); LANE D24 (-0.5); LANE D27 (0.0); LANE D29 (0.0); LANE S42 (0.0),,,LANE,0,,,,,,,,,,,-35,,,,,24,,2.68,C,C,,,,,,LANE D07 (L2); LANE D12 (R4); LANE D19 (L3); LANE D24 (L5); LANE D29 (R3); ALTR 02 (KR); ALTR 04 (LF2); ALTR 13 (LF3); ALTR 88 (RB2); ALTR D20 (RF3),CC,50,C,C,LANE S42,RETURNED,F,21,4,,,,,LANE D19; LANE D24; ALTR 13,,6-0-4,,,,,ALTR 02 (KR); ALTR 04 (LF2); ALTR 07 (RB1); ALTR 13 (LF3); ALTR 18 (LB1); ALTR 82 (LF1); ALTR 88 (RB2); ALTR 89 (LB2); ALTR D20 (RF3); ALTR D30 (RF1); ALTR D45 (RF2),ALTR 02 (+0.5); ALTR 04 (+0.5); ALTR 07 (0.0); ALTR 13 (-0.5); ALTR 18 (0.0); ALTR 82 (0.0); ALTR 88 (0.0); ALTR 89 (0.0); ALTR D20 (+0.5); ALTR D30 (0.0); ALTR D45 (0.0),,,ALTR,,,,,,,,,,,,,,,,,,,,,,,,,,,+41,,,,LANE D07; LANE D12; ALTR 02; ALTR 04; ALTR D20,,,0,,,,0,,,0,,,,,,C,C,ALTR 02,,,,,+3,,,KICKOFF,,3; LANE D13 (R1); LANE D21 (R5); LANE D23 (L1),LANE D07,LANE D12,,,,,,,0,14,0,0,0,,false,3,3,0.0,-1.704,,false,,,,,,,,,,,,,,,,,,65,,0.0,-1.704,29264_6650899,
6651255,29264,2025-10-18,2025,08,408445,2704,3,4,05:43,0,,0,17,0,,,45,0,,1.42,45,0,0,0,14,0,10,0,6651242,6651395,1,14.17,0,0.97,101,0,,,0,0,,0,0,0,ALTR 02,8; ALTR 13; ALTR 82; ALTR D16; ALTR D20; ALTR D30; ALTR D31; ALTR D45; ALTR D53,,,,,,7-1,,ALTR 02 (PR); ALTR 13 (PDR3); ALTR 82 (PDR2); ALTR D12 (VLi); ALTR D16 (PLM); ALTR D17 (VLo); ALTR D20 (PDL4); ALTR D30 (PDL2); ALTR D31 (PDL3); ALTR D45 (PDR1); ALTR D53 (PDL1),ALTR 02 (0.0); ALTR 13 (0.0); ALTR 82 (0.0); ALTR D12 (0.0); ALTR D16 (0.0); ALTR D17 (0.0); ALTR D20 (0.0); ALTR D30 (0.0); ALTR D31 (0.0); ALTR D45 (0.0); ALTR D53 (0.0),,,ALTR,14,,,,,,,,,,,-12,,,,,54,LANE D20 (GRa),3.66,R,L,,,,,,LANE D03 (PRT); LANE S47 (P); LANE S48 (PLS); ALTR D16 (PLM),CC,45,,,LANE S47,RETURNED,N,37,5R,,,,,LANE S47,,,,,,,LANE 56 (PPRi); LANE 82 (PPRo); LANE D01 (PPL); LANE D03 (PRT); LANE D07 (PLT); LANE D19 (PRG); LANE D20 (GR); LANE D21 (PRW); LANE D30 (PLG); LANE S47 (P); LANE S48 (PLS),LANE 56 (0.0); LANE 82 (0.0); LANE D01 (0.0); LANE D03 (+0.5); LANE D07 (0.0); LANE D19 (0.0); LANE D20 (0.0); LANE D21 (0.0); LANE D30 (0.0); LANE S47 (-0.5); LANE S48 (0.0),,,LANE,LANE D03; LANE D07; LANE D19; LANE D20; LANE D21; LANE D30; LANE S48,2.39,,,,,,,,,,,,,,,,,,,,,,ALTR D16 OH,,,+34,,,,LANE D03,,,0,1; ALTR D45 (PDR1),,,0,,,0,,L,,,,,,ALTR 02,,,,,-3,,,PUNT,,,LANE D03,LANE D20,,,,ALTR D17 (VLo); ALTR D12 (VLi),,,0,10,0,0,0,,false,3,3,-2.052,0.939,,false,,,,,,,,,,,,,,,,,,88,,-2.052,0.939,29264_6651255,
6654383,29264,2025-10-18,2025,08,408445,4219,4,4,00:34,0,,0,37,0,,,38,1,,1.45,38,0,0,0,14,0,,0,6654307,6654442,,14.37,0,1.01,156,0,,,0,0,,,0,0,,10; ALTR 13; ALTR 82; ALTR D12; ALTR D16; ALTR D17; ALTR D20; ALTR D30; ALTR D31; ALTR D45; ALTR D53,,,,,,5-5,,ALTR 02 (PR); ALTR 13 (PDR2); ALTR 82 (PLR2); ALTR D12 (PLL2); ALTR D16 (PLR1); ALTR D17 (PLL1); ALTR D20 (PDL3); ALTR D30 (PLL3); ALTR D31 (PDL2); ALTR D45 (PDR1); ALTR D53 (PDL1),ALTR 02 (0.0); ALTR 13 (0.0); ALTR 82 (0.0); ALTR D12 (0.0); ALTR D16 (0.0); ALTR D17 (0.0); ALTR D20 (0.0); ALTR D30 (0.0); ALTR D31 (0.0); ALTR D45 (0.0); ALTR D53 (0.0),,,ALTR,12,,,,,,,,,,,-19,,,,,38,,2.77,R,L,,,,,,LANE S47 (P),CC,38,R,R,LANE S47,FAIR CATCH,A,35,5R,,,,,LANE S47,,,,,,,LANE 56 (PPRi); LANE 82 (PPRo); LANE D01 (PPL); LANE D03 (PRT); LANE D07 (PLT); LANE D13 (PRW); LANE D19 (PRG); LANE D27 (PLW); LANE D30 (PLG); LANE S47 (P); LANE S48 (PLS),LANE 56 (0.0); LANE 82 (0.0); LANE D01 (0.0); LANE D03 (0.0); LANE D07 (0.0); LANE D13 (0.0); LANE D19 (0.0); LANE D27 (0.0); LANE D30 (0.0); LANE S47 (-0.5); LANE S48 (0.0),,,LANE,LANE D03; LANE D07; LANE D13; LANE D19; LANE D27; LANE D30; LANE S48,2.46,,,,,,,,,,,,,,,,,,,,,,,,,+43,,,,,,,0,,,,0,,,0,,L,,,,,,ALTR 02,,,,,-23,,,PUNT,,,,,,,,,,,0,22,0,0,0,,false,3,2,-1.674,-0.192,,false,,,,,,,,,,,,,,,,,,81,,-1.674,-0.192,29264_6654383,
6690545,29312,2025-10-25,2025,09,408532,373,1,0,07:35,0,,0,0,0,,,,0,,,,0,0,0,6,0,,0,6690513,6690802,,0.06,0,,14,0,,,0,0,,,0,0,,,,,,,,5-4,,MSSO D01 (FR1); MSSO D03 (FL3); MSSO D07 (FR5); MSSO D14 (FR4); MSSO D17 (FBM); MSSO D22 (FL2); MSSO D23 (FL1); MSSO D30 (FL4); MSSO D35 (FR3); MSSO D36 (FL5); MSSO D41 (FR2),MSSO D01 (0.0); MSSO D03 (0.0); MSSO D07 (0.0); MSSO D14 (0.0); MSSO D17 (0.0); MSSO D22 (0.0); MSSO D23 (0.0); MSSO D30 (0.0); MSSO D35 (0.0); MSSO D36 (0.0); MSSO D41 (0.0),,,MSSO,0,,,,,,,,,,,+3,,,,,0,,,C,C,,,,,,,,,,,LANE S98,MADE - IR,,,,,,,,,,,,,,,LANE 01 (FRW); LANE 54 (FLT); LANE 55 (FRE); LANE 56 (FRG); LANE 58 (FLG); LANE 59 (FRT); LANE 64 (FLE); LANE D46 (FLW); LANE S33 (H); LANE S48 (FLS); LANE S98 (FK),LANE 01 (0.0); LANE 54 (0.0); LANE 55 (0.0); LANE 56 (0.0); LANE 58 (0.0); LANE 59 (0.0); LANE 64 (0.0); LANE D46 (0.0); LANE S33 (0.0); LANE S48 (0.0); LANE S98 (0.0),,,LANE,LANE 54; LANE 56; LANE 58; LANE 59; LANE 64; LANE D46; LANE S48,,,,,,,,,,,,,,,,,,,,,,,,,,+3,,,,,,,0,,,,0,,,0,,,,,,,,,,,,,+6,,,EXTRA POINT,,3; MSSO D17 (FBM); MSSO D22 (FL2); MSSO D41 (FR2),,,,,,,,,0,21,0,0,0,,false,2,3,0.0,0.0,,false,,,,,,,,,,,,,,,,,,3,1.59,0.0,0.0,29312_6690545,
6690802,29312,2025-10-25,2025,09,408532,393,1,0,07:35,0,,0,7,0,,,48,0,,,48,0,0,0,0,0,,0,6690545,6691019,14,0.07,0,,15,0,,,0,0,,4,0,0,MSSO 06,,,,,,,5-5,,LANE D07 (L2); LANE D09 (R4); LANE D10 (L4); LANE D13 (R1); LANE D19 (L3); LANE D21 (R3); LANE D23 (R5); LANE D24 (L5); LANE D27 (R2); LANE D49 (L1); LANE S42 (PK),LANE D07 (+0.5); LANE D09 (0.0); LANE D10 (0.0); LANE D13 (0.0); LANE D19 (0.0); LANE D21 (0.0); LANE D23 (+0.5); LANE D24 (0.0); LANE D27 (0.0); LANE D49 (0.0); LANE S42 (0.0),,,LANE,0,,,MSSO D02 (RF3); MSSO D53 (RF2); LANE D24 (L5),,,,,,,,-35,,,,,34,,,C,C,,,,,,LANE D07 (L2); LANE D23 (R5); MSSO 11 (LF3); MSSO D13 (MB),CFFG,48,C,C,LANE S42,RETURNED,Q,19,3L,,,,,MSSO 11; MSSO D13,,6-0-3,,,,,MSSO 03 (KR-L); MSSO 06 (KR-R); MSSO 07 (LF1); MSSO 11 (LF3); MSSO 23 (RF1); MSSO 84 (LB); MSSO D02 (RF3); MSSO D13 (MB); MSSO D17 (RB); MSSO D25 (LF2); MSSO D53 (RF2),MSSO 03 (0.0); MSSO 06 (0.0); MSSO 07 (0.0); MSSO 11 (-0.5); MSSO 23 (0.0); MSSO 84 (0.0); MSSO D02 (0.0); MSSO D13 (-0.5); MSSO D17 (0.0); MSSO D25 (0.0); MSSO D53 (0.0),,,MSSO,,,,,,,,,,,,,,,,,,,,,,,,,,,+31,,,,LANE D07; LANE D23,,,0,,,,0,,,0,,,,,,R,R,MSSO 03; MSSO 06,,,,,-7,,,KICKOFF,,2; LANE D13 (R1); LANE D49 (L1),LANE D07,,,,,,,,0,7,0,0,0,,false,3,2,0.0,-2.18,,false,,,,,,,,,,,,,,,,,,65,,0.0,-2.18,29312_6690802,
6692554,29312,2025-10-25,2025,09,408532,980,1,4,01:50,0,,0,7,0,,,28,0,,,28,0,0,0,7,0,,0,6692500,6692647,,7.07,0,,36,0,,,0,0,,,0,0,,,,,,,,5-4,,MSSO D01 (FR1); MSSO D03 (FR3); MSSO D14 (FR4); MSSO D17 (FL5); MSSO D22 (FR2); MSSO D23 (FL1); MSSO D30 (FL4); MSSO D35 (FL3); MSSO D41 (FL2); MSSO D95 (FR6); MSSO D98 (FR5),MSSO D01 (0.0); MSSO D03 (0.0); MSSO D14 (0.0); MSSO D17 (0.0); MSSO D22 (0.0); MSSO D23 (0.0); MSSO D30 (0.0); MSSO D35 (0.0); MSSO D41 (0.0); MSSO D95 (0.0); MSSO D98 (0.0),,,MSSO,8,,,,,,,,,,,+11,,,,,-9,,,C,C,,,,,,LANE S98 (FK),,,,,LANE S98,MISSED - WR,,,,,,,,LANE S98,,,,,,,LANE 01 (FLW); LANE 54 (FRT); LANE 55 (FLE); LANE 56 (FRG); LANE 58 (FLG); LANE 59 (FLT); LANE 64 (FRE); LANE D46 (FRW); LANE S33 (H); LANE S48 (FLS); LANE S98 (FK),LANE 01 (0.0); LANE 54 (0.0); LANE 55 (0.0); LANE 56 (0.0); LANE 58 (0.0); LANE 59 (0.0); LANE 64 (0.0); LANE D46 (0.0); LANE S33 (0.0); LANE S48 (0.0); LANE S98 (-1.5),,,LANE,LANE 54; LANE 56; LANE 58; LANE 59; LANE 64; LANE D46; LANE S48,,,,,,,,,,,,,,,,,,,,,,,,,,+20,,,,,,,0,,,,0,,,0,,,,,,,,,,,,,0,,,FIELD GOAL,,2; MSSO D17 (FL5); MSSO D41 (FL2),,,,,,,,,0,14,0,0,0,,false,2,3,2.406,-3.669,,false,,,,,,,,,,,,,,,,,,11,1.53,2.406,-3.669,29312_6692554,
6694078,29312,2025-10-25,2025,09,408532,1458,2,4,09:53,0,,0,14,0,,,42,0,,1.29,42,0,0,0,7,0,,0,6693839,6694164,,14.07,0,0.96,54,0,,,0,0,,,0,0,,6; MSSO D07; MSSO D14; MSSO D17; MSSO D30; MSSO D35; MSSO D36,,,,,,6-0,,MSSO 09 (PR); MSSO D01 (VLo); MSSO D03 (VLi); MSSO D07 (PDR3); MSSO D14 (PDL1); MSSO D17 (PDR2); MSSO D23 (VRo); MSSO D30 (PDR1); MSSO D35 (PDL2); MSSO D36 (PDL3); MSSO D41 (VRi),MSSO 09 (0.0); MSSO D01 (0.0); MSSO D03 (0.0); MSSO D07 (0.0); MSSO D14 (0.0); MSSO D17 (0.0); MSSO D23 (0.0); MSSO D30 (0.0); MSSO D35 (0.0); MSSO D36 (0.0); MSSO D41 (0.0),,,MSSO,2,,,,,,,,,,,-33,,,,,42,LANE D13 (GLoa); LANE D07 (GLix); LANE D27 (GRix); LANE D10 (GRa); LANE D20 (GRoa),4.25,L,R,,,,,,LANE S47 (P),CC,42,C,C,LANE S47,FAIR CATCH,N,24,4,,,,,LANE S47,,,,,,,LANE 01 (PPL); LANE 82 (PPR); LANE D07 (GLi); LANE D10 (GR); LANE D13 (GLo); LANE D19 (PRG); LANE D20 (GRo); LANE D27 (GRi); LANE D30 (PLG); LANE S47 (P); LANE S48 (PLS),LANE 01 (0.0); LANE 82 (0.0); LANE D07 (0.0); LANE D10 (0.0); LANE D13 (0.0); LANE D19 (0.0); LANE D20 (0.0); LANE D27 (0.0); LANE D30 (0.0); LANE S47 (-0.5); LANE S48 (0.0),,,LANE,LANE D07; LANE D10; LANE D13; LANE D19; LANE D20; LANE D30; LANE S48,2.25,,,,,,,,,,,,,,,,,,,,,,,,,+25,,,,,,,0,1; MSSO D14 (PDL1),,,0,,,0,,L;R,,,,,,MSSO 09,,,,,-7,,,PUNT,,,,,,,,MSSO D03 (VLi); MSSO D41 (VRi); MSSO D23 (VRo); MSSO D01 (VLo),,,0,22,0,0,0,,false,2,1,-2.168,0.477,,false,,,,,,,,,,,,,,,,,,67,,-2.168,0.477,29312_6694078,
6694761,29312,2025-10-25,2025,09,408532,1740,2,4,07:09,0,,0,21,0,,,58,0,,1.68,58,0,0,0,7,0,,0,6694606,6694776,,21.07,0,1.04,65,0,,,0,0,,,0,0,,9; MSSO D01; MSSO D03; MSSO D06; MSSO D14; MSSO D16; MSSO D17; MSSO D53; MSSO D95; MSSO D98,,,,,,4-5,,MSSO 09 (PR); MSSO D01 (PLL1); MSSO D03 (PLR1); MSSO D06 (PLL2); MSSO D14 (PDL1); MSSO D16 (PDR1); MSSO D17 (PLR2); MSSO D23 (VR); MSSO D53 (PLL3); MSSO D95 (PDR2); MSSO D98 (PDL2),MSSO 09 (0.0); MSSO D01 (0.0); MSSO D03 (0.0); MSSO D06 (0.0); MSSO D14 (0.0); MSSO D16 (0.0); MSSO D17 (0.0); MSSO D23 (0.0); MSSO D53 (0.0); MSSO D95 (0.0); MSSO D98 (0.0),,,MSSO,8,,,,,,,,,,,-27,,,,,58,LANE D21 (GLa),2.70,R,L,,,,,,LANE S47 (P),BF,29,L,L,LANE S47,DOWNED,N,18,3L,,,,,LANE S47,,,,,,,LANE 01 (PPL); LANE 56 (PPRi); LANE 82 (PPRo); LANE D07 (PLT); LANE D10 (PRT); LANE D19 (PRG); LANE D20 (PRW); LANE D21 (GL); LANE D30 (PLG); LANE S47 (P); LANE S48 (PLS),LANE 01 (0.0); LANE 56 (0.0); LANE 82 (0.0); LANE D07 (0.0); LANE D10 (0.0); LANE D19 (0.0); LANE D20 (0.0); LANE D21 (0.0); LANE D30 (0.0); LANE S47 (-1.0); LANE S48 (0.0),,,LANE,LANE D07; LANE D10; LANE D19; LANE D20; LANE D21; LANE D30; LANE S48,2.72,,,,,,,,,,,,,,,,,,,,,,,,,+15,,,,,,,0,,,,0,,,0,,L,,,,,,MSSO 09,,,,,-14,,,PUNT,,1; MSSO D01 (PLL1),,,,,,MSSO D23 (VR),,,0,34,0,0,0,,false,2,1,-2.482,1.662,,false,,,,,,,,,,,,,,,,,,73,,-2.482,1.662,29312_6694761,
6695521,29312,2025-10-25,2025,09,408532,2068,2,0,02:47,0,,0,21,0,,,,0,,,,0,0,0,13,0,,0,6695438,6695586,,21.13,0,,77,0,,,0,0,,,0,0,,,,,,,,5-4,,MSSO D01 (FL1); MSSO D03 (FL3); MSSO D06 (FR2); MSSO D07 (FL4); MSSO D11 (FR1); MSSO D13 (FBM); MSSO D14 (FR5); MSSO D16 (FR4); MSSO D35 (FR3); MSSO D36 (FL5); MSSO D41 (FL2),MSSO D01 (0.0); MSSO D03 (0.0); MSSO D06 (0.0); MSSO D07 (0.0); MSSO D11 (0.0); MSSO D13 (0.0); MSSO D14 (0.0); MSSO D16 (0.0); MSSO D35 (0.0); MSSO D36 (0.0); MSSO D41 (0.0),,,MSSO,0,,,,,,,,,,,+3,,,,,0,,,C,C,,,,,,,,,,,LANE S98,MADE - IL,,,,,,,,,,,,,,,LANE 01 (FRW); LANE 54 (FLT); LANE 55 (FRE); LANE 56 (FRG); LANE 58 (FLG); LANE 59 (FRT); LANE 64 (FLE); LANE D46 (FLW); LANE S33 (H); LANE S48 (FLS); LANE S98 (FK),LANE 01 (0.0); LANE 54 (0.0); LANE 55 (0.0); LANE 56 (0.0); LANE 58 (0.0); LANE 59 (0.0); LANE 64 (0.0); LANE D46 (0.0); LANE S33 (0.0); LANE S48 (0.0); LANE S98 (0.0),,,LANE,LANE 54; LANE 56; LANE 58; LANE 59; LANE 64; LANE D46; LANE S48,,,,,,,,,,,,,,,,,,,,,,,,,,+3,,,,,,,0,,,,0,,,0,,,,,,,,,,,,,-8,,,EXTRA POINT,,3; MSSO D06 (FR2); MSSO D13 (FBM); MSSO D41 (FL2),,,,,,,,,0,23,0,0,0,,false,1,1,0.0,0.0,,false,,,,,,,,,,,,,,,,,,3,1.54,0.0,0.0,29312_6695521,
6695586,29312,2025-10-25,2025,09,408532,2088,2,0,02:47,0,,0,14,0,,,56,0,,,56,0,0,0,21,0,,0,6695521,6695667,31,21.14,0,,78,0,,,0,0,,,0,0,MSSO 06,,,,,,,5-5,,LANE D07 (L2); LANE D09 (R4); LANE D13 (R1); LANE D19 (L3); LANE D21 (R3); LANE D23 (R5); LANE D24 (L5); LANE D27 (R2); LANE D49 (L1); LANE D54 (L4); LANE S42 (PK),LANE D07 (0.0); LANE D09 (0.0); LANE D13 (-1.0); LANE D19 (0.0); LANE D21 (0.0); LANE D23 (0.0); LANE D24 (0.0); LANE D27 (0.0); LANE D49 (0.0); LANE D54 (0.0); LANE S42 (0.0),,,LANE,0,,,MSSO D17 (RB); MSSO D53 (RF2); LANE D54 (L4),,,,,,,,-35,,,,,25,,,C,C,,,,,,LANE D13 (R1); LANE D54 (L4); MSSO 06 (KR-R); MSSO D53 (RF2),CFFG,56,L,L,LANE S42,RETURNED,Q,12,3L,,,,,LANE D13; MSSO D53,,6-0-3,,,,,MSSO 03 (KR-L); MSSO 06 (KR-R); MSSO 07 (LF1); MSSO 11 (LF3); MSSO 21 (MB); MSSO 23 (RF1); MSSO 84 (LB); MSSO D02 (RF3); MSSO D17 (RB); MSSO D25 (LF2); MSSO D53 (RF2),MSSO 03 (0.0); MSSO 06 (+0.5); MSSO 07 (0.0); MSSO 11 (0.0); MSSO 21 (0.0); MSSO 23 (0.0); MSSO 84 (0.0); MSSO D02 (0.0); MSSO D17 (0.0); MSSO D25 (0.0); MSSO D53 (-0.5),,,MSSO,,,,,,,,,,,,,,,,,,,,,,,,,,,+40,,,,MSSO 06,,,0,,,,0,,,0,,,,,,L,L,MSSO 03; MSSO 06,,,,,+7,,,KICKOFF,,2; LANE D13 (R1); LANE D49 (L1),LANE S42,,,,,,,,0,12,0,0,0,,false,1,1,0.0,-2.846,,false,,,,,,,,,,,,,,,,,,65,,0.0,-2.846,29312_6695586,
6697217,29312,2025-10-25,2025,09,408532,2324,3,0,15:00,0,,0,14,0,,,46,0,,,46,0,0,0,21,0,,0,6696229,6697277,13,21.14,0,,87,0,,,0,0,,3,0,0,MSSO 06,,,,,,,5-5,,LANE D07 (L2); LANE D09 (R4); LANE D13 (R1); LANE D19 (L3); LANE D21 (R3); LANE D23 (R5); LANE D24 (L5); LANE D27 (R2); LANE D49 (L1); LANE D54 (L4); LANE S42 (PK),LANE D07 (0.0); LANE D09 (0.0); LANE D13 (0.0); LANE D19 (0.0); LANE D21 (0.0); LANE D23 (+0.5); LANE D24 (0.0); LANE D27 (0.0); LANE D49 (0.0); LANE D54 (0.0); LANE S42 (0.0),,,LANE,0,,,MSSO D17 (RB); MSSO D53 (RF2); LANE D54 (L4),,,,,,,,-35,,,,,33,,2.91,C,C,,,,,,LANE D21 (R3); LANE D23 (R5); LANE D54 (L4); MSSO 03 (KR-L); MSSO 06 (KR-R); MSSO D53 (RF2),CC,46,L,L,LANE S42,RETURNED,F,14,3L,,LANE D54,,,MSSO 03; MSSO D53,,6-0-3,,,,,MSSO 03 (KR-L); MSSO 06 (KR-R); MSSO 07 (LF1); MSSO 11 (LF3); MSSO 23 (RF1); MSSO 84 (LB); MSSO D02 (RF3); MSSO D13 (MB); MSSO D17 (RB); MSSO D25 (LF2); MSSO D53 (RF2),MSSO 03 (-0.5); MSSO 06 (0.0); MSSO 07 (0.0); MSSO 11 (0.0); MSSO 23 (0.0); MSSO 84 (0.0); MSSO D02 (0.0); MSSO D13 (0.0); MSSO D17 (0.0); MSSO D25 (0.0); MSSO D53 (-0.5),,,MSSO,,,,,,,,,,,,,,,,,,,,,,,,,,,+32,,,,LANE D23,,,0,,,,0,,,0,,,,,,R,R,MSSO 03; MSSO 06,,,,,+7,,,KICKOFF,,2; LANE D13 (R1); LANE D49 (L1),LANE D27,,,,,,,,0,9,0,0,0,,false,3,3,0.0,-2.258,,false,,,,,,,,,,,,,,,,,,65,,0.0,-2.258,29312_6697217,
6699267,29312,2025-10-25,2025,09,408532,3386,4,4,14:52,0,,0,35,0,,,45,0,,1.54,45,0,0,0,14,0,,0,6699213,6699302,15,35.14,0,1.03,127,0,,,0,0,,15,0,0,MSSO 09,8; MSSO 03; MSSO 21; MSSO D02; MSSO D06; MSSO D18; MSSO D25; MSSO D33; MSSO D53,,,,,,8-0,,MSSO 03 (PDL2); MSSO 09 (PR); MSSO 21 (PDL5); MSSO D02 (PDL3); MSSO D06 (PDR2); MSSO D12 (VRi); MSSO D18 (PDL4); MSSO D19 (VRo); MSSO D25 (PDR1); MSSO D33 (PDL1); MSSO D53 (PDR3),MSSO 03 (+0.5); MSSO 09 (+0.5); MSSO 21 (0.0); MSSO D02 (0.0); MSSO D06 (0.0); MSSO D12 (0.0); MSSO D18 (0.0); MSSO D19 (0.0); MSSO D25 (0.0); MSSO D33 (0.0); MSSO D53 (0.0),,,MSSO,12,,,,,,,,,,,-38,,,,,30,LANE D21 (GLx),2.72,C,C,,,,,,LANE 56 (PPRi); LANE D20 (PRW); LANE S47 (P); LANE S48 (PLS); MSSO 03 (PDL2); MSSO 09 (PR),CFFG,38,L,L,LANE S47,RETURNED,A,20,4,,LANE S48,,,LANE S47; LANE S48,,,,,,,LANE 01 (PPL); LANE 56 (PPRi); LANE 82 (PPRo); LANE D07 (PLT); LANE D10 (PRT); LANE D19 (PRG); LANE D20 (PRW); LANE D21 (GL); LANE D46 (PLG); LANE S47 (P); LANE S48 (PLS),LANE 01 (0.0); LANE 56 (+0.5); LANE 82 (0.0); LANE D07 (0.0); LANE D10 (0.0); LANE D19 (0.0); LANE D20 (0.0); LANE D21 (0.0); LANE D46 (0.0); LANE S47 (-1.0); LANE S48 (-0.5),,,LANE,LANE D07; LANE D10; LANE D19; LANE D20; LANE D21; LANE D46; LANE S48,2.57,,,,,,,,,,,,,,,,,,,,,,,,,+32,,,,LANE 56; MSSO 03; MSSO 09,,,0,,,,0,,,0,,L,,,,L,C,MSSO 09,,,,,-21,,,PUNT,,,LANE 56,,,,,MSSO D12 (VRi); MSSO D19 (VRo),,,0,12,0,0,0,,false,3,2,-1.893,-0.365,,false,,,,,,,,,,,,,,,,,,62,,-1.893,-0.365,29312_6699267,
6700176,29312,2025-10-25,2025,09,408532,3991,4,0,06:23,0,,0,42,0,,,,1,,,,0,0,0,20,0,,0,6700147,6700322,,42.20,0,,150,0,,,0,0,,,0,0,,,,,,,,5-4,,MSSO D00 (FL1); MSSO D03 (FL3); MSSO D11 (FR1); MSSO D16 (FBL); MSSO D17 (FBR); MSSO D36 (FL5); MSSO D37 (FR2); MSSO D41 (FL2); MSSO D53 (FL4); MSSO D91 (FL6),MSSO D00 (0.0); MSSO D03 (0.0); MSSO D11 (0.0); MSSO D16 (0.0); MSSO D17 (0.0); MSSO D36 (0.0); MSSO D37 (0.0); MSSO D41 (0.0); MSSO D53 (0.0); MSSO D91 (0.0),,,MSSO,0,,,,,,,,,,,+3,,,,,0,,,C,C,,,,,,,,,,,LANE S98,MADE - M,,,,,,,,,,,,,,,LANE 01 (FRW); LANE 54 (FLT); LANE 55 (FRE); LANE 56 (FRG); LANE 58 (FLG); LANE 59 (FRT); LANE 64 (FLE); LANE D46 (FLW); LANE S33 (H); LANE S48 (FLS); LANE S98 (FK),LANE 01 (0.0); LANE 54 (0.0); LANE 55 (0.0); LANE 56 (0.0); LANE 58 (0.0); LANE 59 (0.0); LANE 64 (0.0); LANE D46 (0.0); LANE S33 (0.0); LANE S48 (0.0); LANE S98 (0.0),,,LANE,LANE 54; LANE 56; LANE 58; LANE 59; LANE 64; LANE D46; LANE S48,,,,,,,,,,,,,,,,,,,,,,,,,,+3,,,,,,,0,,,,0,,,0,,,,,,,,,,,,,-22,,,EXTRA POINT,,1; MSSO D17 (FBR),,,,,,,,,0,14,0,0,0,,false,3,2,0.0,0.0,,false,,,,,,,,,,,,,,,,,,3,1.62,0.0,0.0,29312_6700176,
6700322,29312,2025-10-25,2025,09,408532,4011,4,0,06:23,0,,0,21,0,,,9,1,,,9,0,0,0,42,0,,0,6700176,6700458,0,42.21,0,,151,0,,,0,0,,,0,0,MSSO 11,,,,,,,6-4,,LANE 07 (L1); LANE D06 (L4); LANE D13 (R1); LANE D20 (L6); LANE D21 (R3); LANE D23 (L5); LANE D24 (R2); LANE D27 (R4); LANE D30 (L2); LANE D54 (L3); LANE S42 (PK),LANE 07 (0.0); LANE D06 (0.0); LANE D13 (0.0); LANE D20 (0.0); LANE D21 (0.0); LANE D23 (0.0); LANE D24 (0.0); LANE D27 (0.0); LANE D30 (0.0); LANE D54 (0.0); LANE S42 (0.0),,,LANE,0,,,,,,,,,,,-35,,,,,9,,,C,C,,,,,,MSSO 09 (RB1),MBDR,10,L,L,LANE S42,RETURNED,O,10,3L,,,,,,,7-0-3,,,,,MSSO 03 (RF2); MSSO 06 (KR); MSSO 07 (RB2); MSSO 08 (LB); MSSO 09 (RB1); MSSO 11 (RF3); MSSO 84 (LF2); MSSO D17 (LF3); MSSO D22 (LF1); MSSO D23 (RF1); MSSO D41 (RF4),MSSO 03 (0.0); MSSO 06 (0.0); MSSO 07 (0.0); MSSO 08 (0.0); MSSO 09 (+0.5); MSSO 11 (0.0); MSSO 84 (0.0); MSSO D17 (0.0); MSSO D22 (0.0); MSSO D23 (0.0); MSSO D41 (0.0),,,MSSO,,,,,,,,,,,,,,,,,,,,,,,,,,,-44,,,,MSSO 09,,,0,,,,0,,,0,,,,,,,,MSSO 06,,,,,+21,,,KICKOFF,,2; LANE D13 (R1); LANE D21 (R3),,,,,,,,,0,16,0,0,0,SELF FUMBLE,false,2,3,0.0,-3.8,,false,,,,,,,,,,,,,,,,,,65,,0.0,-3.8,29312_6700322,
6700827,29312,2025-10-25,2025,09,408532,4337,4,4,02:37,0,,0,49,0,,,46,1,,2.08,46,0,0,0,21,0,-5,0,6700797,6700855,,49.21,0,0.98,163,0,,,0,0,,,0,0,,8; MSSO D02; MSSO D13; MSSO D15; MSSO D18; MSSO D30; MSSO D33; MSSO D90; MSSO D97,,,,,,4-4,,MSSO 09 (PR); MSSO D00 (VLi); MSSO D02 (PLR1); MSSO D12 (VLo); MSSO D13 (PLR2); MSSO D15 (PDL2); MSSO D18 (PLL1); MSSO D30 (PDL1); MSSO D33 (PLL2); MSSO D90 (PDR2); MSSO D97 (PDR1),MSSO 09 (0.0); MSSO D00 (0.0); MSSO D02 (0.0); MSSO D12 (0.0); MSSO D13 (0.0); MSSO D15 (0.0); MSSO D18 (0.0); MSSO D30 (0.0); MSSO D33 (0.0); MSSO D90 (0.0); MSSO D97 (0.0),,,MSSO,14,,,,,,,,,,,-21,,,,,41,LANE D21 (GRa),3.53,C,C,,,,,,LANE S47 (P),BF,35,R,R,LANE S47,DOWNED,A,53,7R,,,,,,,,,,,,LANE 01 (PPL); LANE 56 (PPRi); LANE 82 (PPRo); LANE D07 (PLT); LANE D19 (PRG); LANE D21 (GR); LANE D27 (PRW); LANE D46 (PLG); LANE D54 (PRT); LANE S47 (P); LANE S48 (PLS),LANE 01 (0.0); LANE 56 (0.0); LANE 82 (0.0); LANE D07 (0.0); LANE D19 (0.0); LANE D21 (0.0); LANE D27 (0.0); LANE D46 (0.0); LANE D54 (0.0); LANE S47 (0.0); LANE S48 (0.0),,,LANE,LANE D07; LANE D19; LANE D21; LANE D27; LANE D46; LANE D54; LANE S48,3.06,,,,,,,,,,,,,,,,,,,,,,ILF,,,+38,,,,,,,0,,,,0,,,0,,L,,,,,,MSSO 09,,,,,-28,,,PUNT,,,,,,,,MSSO D12 (VLo); MSSO D00 (VLi),,,0,9,0,0,0,,false,3,2,-2.779,0.074,,false,,,,,,,,,,,,,,,,,,79,,-2.779,0.074,29312_6700827,
6731354,29369,2025-11-01,2025,10,408637,41,1,0,15:00,0,,0,0,0,,,36,0,,,36,0,0,0,0,0,,0,,6731364,,0.00,0,,1,0,,,0,0,,,0,0,,,,,,,,5-5,,LANE D07 (L2); LANE D09 (R4); LANE D10 (L4); LANE D13 (R1); LANE D19 (L3); LANE D20 (R2); LANE D21 (R3); LANE D23 (R5); LANE D24 (L5); LANE D49 (L1); LANE S42 (PK),LANE D07 (0.0); LANE D09 (0.0); LANE D10 (0.0); LANE D13 (0.0); LANE D19 (0.0); LANE D20 (0.0); LANE D21 (0.0); LANE D23 (0.0); LANE D24 (0.0); LANE D49 (0.0); LANE S42 (0.0),,,LANE,0,,,VAOD D05 (LF1); VAOD D13 (LF2); LANE D20 (R2),,,,,,,,-35,,,,,36,,2.74,L,R,,,,,,,CC,36,R,R,LANE S42,FAIR CATCH,P,42,5R,,,,,,,6-0-3,,,,,VAOD 05 (LB); VAOD 10 (KR-R); VAOD 18 (RB); VAOD D05 (LF1); VAOD D07 (RF2); VAOD D11 (RF1); VAOD D13 (LF2); VAOD D19 (RF3); VAOD D20 (KR-L); VAOD D22 (MB); VAOD D24 (LF3),VAOD 05 (0.0); VAOD 10 (0.0); VAOD 18 (0.0); VAOD D05 (0.0); VAOD D07 (0.0); VAOD D11 (0.0); VAOD D13 (0.0); VAOD D19 (0.0); VAOD D20 (0.0); VAOD D22 (0.0); VAOD D24 (0.0),,,VAOD,,,,,,,,,,,,,,,,,,,,,,,,,,,+29,,,,,,,0,,,,0,,,0,,,,,,,,VAOD 10; VAOD D20,,,,,0,,,KICKOFF,,2; LANE D10 (L4); LANE D49 (L1),,,,,,,,,0,,0,0,0,,false,3,3,0.0,-0.671,,false,,,,,,,,,,,,,,,,,,65,,0.0,-0.671,29369_6731354,
6736581,29369,2025-11-01,2025,10,408637,2093,2,4,02:18,0,,0,24,0,,,45,0,,1.04,45,0,0,0,0,0,,0,6736467,6736624,,0.24,0,0.98,77,0,,,0,0,,,0,0,,8; VAOD 17; VAOD 18; VAOD D07; VAOD D13; VAOD D19; VAOD D22; VAOD D24; VAOD D41,,,,,,8-0,,VAOD 03 (PR); VAOD 17 (PDL2); VAOD 18 (PDL3); VAOD D07 (PDL6); VAOD D13 (PDR2); VAOD D19 (PDL5); VAOD D20 (VL); VAOD D22 (PDL1); VAOD D24 (PDL4); VAOD D26 (VR); VAOD D41 (PDR1),VAOD 03 (0.0); VAOD 17 (0.0); VAOD 18 (0.0); VAOD D07 (0.0); VAOD D13 (0.0); VAOD D19 (0.0); VAOD D20 (0.0); VAOD D22 (0.0); VAOD D24 (0.0); VAOD D26 (0.0); VAOD D41 (0.0),,,VAOD,14,,,,,,,,,,,-14,,,,,45,LANE D21 (GLa); LANE D24 (GRx),2.84,R,L,,,,,,LANE S47 (P),BF,28,C,C,LANE S47,DOWNED,N,24,4,,,,,LANE S47,,,,,,,LANE 56 (PPRi); LANE 82 (PPRo); LANE D01 (PPL); LANE D03 (PRT); LANE D07 (PLT); LANE D19 (PRG); LANE D21 (GL); LANE D24 (GR); LANE D46 (PLG); LANE S47 (P); LANE S48 (PLS),LANE 56 (0.0); LANE 82 (0.0); LANE D01 (0.0); LANE D03 (0.0); LANE D07 (0.0); LANE D19 (0.0); LANE D21 (0.0); LANE D24 (0.0); LANE D46 (0.0); LANE S47 (-1.5); LANE S48 (0.0),,,LANE,LANE D03; LANE D07; LANE D19; LANE D21; LANE D24; LANE D46; LANE S48,2.02,,,,,,,,,,,,,,,,,,,,,,,,,+41,,,,,,,0,3; VAOD 17 (PDL2); VAOD 18 (PDL3); VAOD D22 (PDL1),,,0,,,0,,L,,,,,,VAOD 03,,,,,-24,,,PUNT,,,,,,,,VAOD D26 (VR); VAOD D20 (VL),,,0,19,0,0,0,,false,2,3,-1.946,0.242,,false,,,,,,,,,,,,,,,,,,86,,-1.946,0.242,29369_6736581,
6738495,29369,2025-11-01,2025,10,408637,2521,3,4,13:17,0,,0,24,0,,,33,0,,1.31,33,0,0,0,0,0,,0,6738470,6738611,,0.24,0,0.94,93,0,,,0,0,,,0,0,,8; VAOD 17; VAOD 18; VAOD D07; VAOD D13; VAOD D19; VAOD D22; VAOD D24; VAOD D41,,,,,,8-0,,VAOD 03 (PR); VAOD 17 (PDL2); VAOD 18 (PDL3); VAOD D07 (PDR4); VAOD D13 (PDR3); VAOD D19 (PDL4); VAOD D20 (VL); VAOD D22 (PDL1); VAOD D24 (PDR2); VAOD D26 (VR); VAOD D41 (PDR1),VAOD 03 (0.0); VAOD 17 (0.0); VAOD 18 (0.0); VAOD D07 (0.0); VAOD D13 (0.0); VAOD D19 (0.0); VAOD D20 (0.0); VAOD D22 (0.0); VAOD D24 (0.0); VAOD D26 (0.0); VAOD D41 (0.0),,,VAOD,5,,,,,,,,,,,-30,,,,,33,LANE D21 (GLa); LANE D24 (GRx),1.70,R,L,,,,,,LANE S47 (P),BF,16,L,L,LANE S47,DOWNED,N,18,3L,,,,,LANE S47,,,,,,,LANE 56 (PPRi); LANE 82 (PPRo); LANE D01 (PPL); LANE D07 (PLT); LANE D19 (PRG); LANE D21 (GL); LANE D24 (GR); LANE D30 (PLG); LANE D54 (PRT); LANE S47 (P); LANE S48 (PLS),LANE 56 (0.0); LANE 82 (0.0); LANE D01 (0.0); LANE D07 (0.0); LANE D19 (0.0); LANE D21 (0.0); LANE D24 (0.0); LANE D30 (0.0); LANE D54 (0.0); LANE S47 (-1.5); LANE S48 (0.0),,,LANE,LANE D07; LANE D19; LANE D21; LANE D24; LANE D30; LANE D54; LANE S48,2.25,,,,,,,,,,,,,,,,,,,,,,,,,+37,,,,,,,0,1; VAOD D41 (PDR1),,,0,,,0,,L,,,,,,VAOD 03,,,,,-24,,,PUNT,,,,,,,,VAOD D26 (VR); VAOD D20 (VL),,,0,11,0,0,0,,false,3,3,-1.043,-0.328,,false,,,,,,,,,,,,,,,,,,70,,-1.043,-0.328,29369_6738495,
6739712,29369,2025-11-01,2025,10,408637,3254,3,4,04:28,0,,0,24,0,,,21,0,,1.25,21,0,0,0,0,0,,0,6739655,6739883,,0.24,0,0.99,120,0,,,0,0,,,0,0,,9; VAOD 17; VAOD 18; VAOD D07; VAOD D13; VAOD D19; VAOD D22; VAOD D24; VAOD D26; VAOD D41,,,,,,9-0,,VAOD 03 (PR); VAOD 17 (PDL3); VAOD 18 (PDL4); VAOD D07 (PDR4); VAOD D13 (PDR3); VAOD D19 (PDL5); VAOD D20 (VR); VAOD D22 (PDL2); VAOD D24 (PDR2); VAOD D26 (PDL1); VAOD D41 (PDR1),VAOD 03 (0.0); VAOD 17 (0.0); VAOD 18 (0.0); VAOD D07 (0.0); VAOD D13 (0.0); VAOD D19 (0.0); VAOD D20 (0.0); VAOD D22 (0.0); VAOD D24 (0.0); VAOD D26 (0.0); VAOD D41 (0.0),,,VAOD,15,,,,,,,,,,,-23,,,,,21,LANE D24 (GLa),4.52,L,R,,,,,,LANE S47 (P),BB,30,C,C,LANE S47,DOWNED,A,24,4,,,,,LANE S47,,,,,,,LANE 56 (PPRi); LANE 82 (PPRo); LANE D01 (PPL); LANE D07 (PLT); LANE D19 (PRG); LANE D21 (PRW); LANE D24 (GL); LANE D46 (PLG); LANE D54 (PRT); LANE S47 (P); LANE S48 (PLS),LANE 56 (0.0); LANE 82 (0.0); LANE D01 (0.0); LANE D07 (0.0); LANE D19 (0.0); LANE D21 (0.0); LANE D24 (0.0); LANE D46 (0.0); LANE D54 (0.0); LANE S47 (-1.0); LANE S48 (0.0),,,LANE,LANE D07; LANE D19; LANE D21; LANE D24; LANE D46; LANE D54; LANE S48,2.24,,,,,,,,,,,,,,,,,,,,,,,,,-44,,,,,,,0,1; VAOD D41 (PDR1),,,0,,,0,,L,,,,,,VAOD 03,,,,,-24,,,PUNT,,,,,,,,VAOD D20 (VR),,,0,14,0,0,0,,false,3,3,-1.45,-1.363,,false,,,,,,,,,,,,,,,,,,77,,-1.45,-1.363,29369_6739712,
6740624,29369,2025-11-01,2025,10,408637,3586,4,4,14:01,0,,0,24,0,,,43,0,,1.28,43,0,0,0,0,0,,0,6740519,6740821,15,0.24,0,0.95,132,0,,,0,0,,3,0,0,VAOD 03,10; VAOD 18; VAOD D07; VAOD D13; VAOD D15; VAOD D19; VAOD D20; VAOD D22; VAOD D24; VAOD D26; VAOD D41,,,,,,10-0,,VAOD 03 (PR); VAOD 18 (PDL4); VAOD D07 (PDR5); VAOD D13 (PDR4); VAOD D15 (PDL3); VAOD D19 (PDL5); VAOD D20 (PDL2); VAOD D22 (PDL1); VAOD D24 (PDR3); VAOD D26 (PDR2); VAOD D41 (PDR1),VAOD 03 (+0.5); VAOD 18 (0.0); VAOD D07 (0.0); VAOD D13 (0.0); VAOD D15 (0.0); VAOD D19 (0.0); VAOD D20 (0.0); VAOD D22 (0.0); VAOD D24 (0.0); VAOD D26 (0.0); VAOD D41 (0.0),,,VAOD,9,,,,,,,,,,,-4,,,,,34,,3.98,R,L,,,,,,LANE D07 (PLT); LANE D19 (PRG); LANE D30 (PLG); LANE S47 (P); VAOD 03 (PR),CC,43,R,R,LANE S47,RETURNED,A,44,5R,,LANE D30,,,LANE D30,,,,,,,LANE 56 (PPRi); LANE 82 (PPRo); LANE D01 (PPL); LANE D07 (PLT); LANE D19 (PRG); LANE D21 (PLW); LANE D24 (PRW); LANE D30 (PLG); LANE D54 (PRT); LANE S47 (P); LANE S48 (PLS),LANE 56 (0.0); LANE 82 (0.0); LANE D01 (0.0); LANE D07 (+0.5); LANE D19 (+0.5); LANE D21 (0.0); LANE D24 (0.0); LANE D30 (-0.5); LANE D54 (0.0); LANE S47 (0.0); LANE S48 (0.0),,,LANE,LANE D07; LANE D19; LANE D21; LANE D24; LANE D30; LANE D54; LANE S48,2.23,,,,,,,,,,,,,,,,,,,,,,,,,-38,,,,LANE D07; LANE D19; VAOD 03,,,0,2; VAOD D15 (PDL3); VAOD D41 (PDR1),,,0,,,0,,L,,,,L,L,VAOD 03,,,,,-24,,,PUNT,,1; VAOD D19 (PDL5),LANE D07,LANE D19,,,,,,,0,19,0,0,0,,false,3,3,-2.455,-0.729,,false,,,,,,,,,,,,,,,,,,96,,-2.455,-0.729,29369_6740624,
6741967,29369,2025-11-01,2025,10,408637,4277,4,0,04:15,1,0,0,31,0,,,-11,1,,,,0,1,0,6,0,,0,6741907,6742085,,6.31,0,,158,0,2.5,5.1,0,0,,,0,0,LANE 10,9; VAOD D03 (00); VAOD D04 (00); VAOD D07 (17); VAOD D09 (22); VAOD D23 (40); VAOD D34 (41); VAOD D38 (20); VAOD D43 (15); VAOD D90 (32),LANE 02; LANE 04,L,,,LCB (3); SCBL (2),LOLB (00); LLB (00); LE (15); LILB (17); LILB (20); NT (22); REO (32); RLB (40); ROLB (41),3-2-6,VAOD D02 (SCBL); VAOD D03 (LLB); VAOD D04 (LOLB); VAOD D05 (LCB); VAOD D07 (LILB); VAOD D09 (NT); VAOD D23 (RLB); VAOD D34 (ROLB); VAOD D38 (LILB); VAOD D43 (LE); VAOD D90 (REO),VAOD D02 (0.0); VAOD D03 (0.0); VAOD D04 (+0.5); VAOD D05 (0.0); VAOD D07 (+0.5); VAOD D09 (0.0); VAOD D23 (0.0); VAOD D34 (0.0); VAOD D38 (-0.5); VAOD D43 (0.0); VAOD D90 (0.0),,T,VAOD,0,,LE (15); NT (22); REO (32),,,,,,,0,RR,+3,VAOD D38,,,,0,,,L,R,,VAOD D04; VAOD D34; VAOD D38,,,,LANE 06 (HB-R); VAOD D04 (LOLB); VAOD D07 (LILB); VAOD D34 (ROLB); VAOD D38 (LILB),,,,,,,,,,LOLB (1); LLB (4); LILB (4); LILB (3); RLB (2); ROLB (0),VAOD D38,O,O,LANE 06; VAOD D38,TE-L^; HB-R; TE-R; SRWR; RWR^,1x3,,2-0-1-2,12,LANE 01; LANE 02; LANE 04; LANE 06; LANE 85,LANE 01 (TE-R); LANE 02 (SRWR); LANE 04 (RWR); LANE 06 (HB-R); LANE 10 (QB); LANE 54 (LG); LANE 56 (RG); LANE 58 (C); LANE 67 (RT); LANE 75 (LT); LANE 85 (TE-L),LANE 01 (0.0); LANE 02 (0.0); LANE 04 (0.0); LANE 06 (-1.0); LANE 10 (0.0); LANE 54 (0.0); LANE 56 (0.0); LANE 58 (0.0); LANE 67 (0.0); LANE 75 (0.0); LANE 85 (0.0),,F,LANE,LANE 04; LANE 85,,8; LANE 01 (TE-R); LANE 06 (HB-R); LANE 54 (LG); LANE 56 (RG); LANE 58 (C); LANE 67 (RT); LANE 75 (LT); LANE 85 (TE-L),,RZb,,,6; VAOD D02; VAOD D03; VAOD D05; VAOD D07; VAOD D23; VAOD D38,,X,LANE 10 (QB),TE-L k; HB-R kr; TE-R k; SRWR 21(1); RWR x7(6),-; -; -; 3; x7,LANE 85 k; LANE 06 kr; LANE 01 k; LANE 02 21(1); LANE 04 x7(6),,,SACK,,,5; VAOD D04 (LOLB); VAOD D09 (NT); VAOD D34 (ROLB); VAOD D43 (LE); VAOD D90 (REO),SACK,,,,,,+3,,,,VAOD D04; VAOD D07,,VAOD D04 (BOR) LANE 06; VAOD D07 (CU); VAOD D34 (CU); VAOD D38 (CU),0,,,LANE 10,0,VAOD D04; VAOD D07; VAOD D34; VAOD D38,LANE 06,0,,HB-R,HB-R (-5),R,1; LANE 06 (HB-R),,,,,,P,VAOD D07,-25,LANE 02* (R:L{R}); LANE 06 (B:B),S,,,,,,L;R,,,,SRWR(+14.5); RWR^(+14.5),,0,10,0,0,0,,false,3,3,0.0,-1.0,,false,12,LANE 06,LANE 01; LANE 85,LANE 02; LANE 04,GUN STRONG,TREY - CLOSED,TE-L; HB; TE-R; SRWR; RWR,1x3,TREY - CLOSED,DIME,VAOD D02; VAOD D03; VAOD D04; VAOD D05; VAOD D07; VAOD D23,VAOD D34; VAOD D38,VAOD D09; VAOD D43; VAOD D90,ODD,,RED ZONE,,3,,0.0,-1.0,29369_6741967,
6742085,29369,2025-11-01,2025,10,408637,4297,4,0,04:15,0,,0,6,0,,,11,1,,,11,0,0,0,31,0,,0,6741967,6742132,0,6.31,0,,159,0,,,0,0,,,0,0,VAOD 05,,,,,,,4-6,,LANE 02 (R1); LANE D06 (R4); LANE D09 (L1); LANE D20 (R6); LANE D21 (L3); LANE D23 (R5); LANE D24 (L2); LANE D30 (R2); LANE D38 (L4); LANE D54 (R3); LANE S42 (PK),LANE 02 (0.0); LANE D06 (0.0); LANE D09 (0.0); LANE D20 (0.0); LANE D21 (0.0); LANE D23 (0.0); LANE D24 (0.0); LANE D30 (0.0); LANE D38 (0.0); LANE D54 (0.0); LANE S42 (-0.5),,,LANE,0,,,,,,,,,,,-35,,,,,11,,,C,C,,,,,,LANE S42 (PK); VAOD 05 (LF3),CFFG,11,R,R,LANE S42,RETURNED,O,39,5R,,,,,LANE S42,,6-0-4,,,,,VAOD 02 (RB1); VAOD 03 (KR); VAOD 05 (LF3); VAOD 06 (LF1); VAOD 07 (RB2); VAOD 10 (RF2); VAOD 11 (LB1); VAOD 17 (RF1); VAOD D03 (LF2); VAOD D04 (MF); VAOD D24 (LB2),VAOD 02 (0.0); VAOD 03 (0.0); VAOD 05 (+0.5); VAOD 06 (0.0); VAOD 07 (0.0); VAOD 10 (0.0); VAOD 11 (0.0); VAOD 17 (0.0); VAOD D03 (0.0); VAOD D04 (0.0); VAOD D24 (0.0),,,VAOD,,,,,,,,,,,,,,,,,,,,,,,,,,,-46,,,,VAOD 05,,,0,,,,0,,,0,,,,,,,,VAOD 03,,,,,+25,,,KICKOFF,,2; LANE D09 (L1); LANE D21 (L3),,,,,,,,,0,19,0,0,0,FELL,false,3,3,0.0,-2.68,,false,,,,,,,,,,,,,,,,,,65,,0.0,-2.68,29369_6742085,
6742673,29369,2025-11-01,2025,10,408637,4528,4,4,01:15,0,,0,31,0,,,32,1,,1.47,32,0,1,0,6,0,5,0,6742639,6742937,,6.31,0,1.01,168,0,,,0,0,,,0,0,,10; VAOD 18; VAOD D05; VAOD D07; VAOD D13; VAOD D15; VAOD D19; VAOD D20; VAOD D22; VAOD D26; VAOD D41,,,,,,10-0,,VAOD 03 (PR); VAOD 18 (PDL4); VAOD D05 (PDR3); VAOD D07 (PDR5); VAOD D13 (PDR4); VAOD D15 (PDL3); VAOD D19 (PDL5); VAOD D20 (PDL2); VAOD D22 (PDL1); VAOD D26 (PDR1); VAOD D41 (PDR2),VAOD 03 (0.0); VAOD 18 (0.0); VAOD D05 (0.0); VAOD D07 (0.0); VAOD D13 (0.0); VAOD D15 (-1.0); VAOD D19 (0.0); VAOD D20 (0.0); VAOD D22 (0.0); VAOD D26 (0.0); VAOD D41 (0.0),,,VAOD,3,,,,,,,,,,,-8,,,,,5,,3.53,C,C,,,,,,LANE S47 (P); VAOD D15 (PDL3),OOB,32,R,R,LANE S47,OUT OF BOUNDS,N,53,7R,,,,,LANE S47; VAOD D15,,,,,,,LANE 56 (PPRi); LANE 82 (PPRo); LANE D01 (PPL); LANE D07 (PLT); LANE D19 (PRG); LANE D21 (PLW); LANE D24 (PRW); LANE D30 (PLG); LANE D54 (PRT); LANE S47 (P); LANE S48 (PLS),LANE 56 (0.0); LANE 82 (0.0); LANE D01 (0.0); LANE D07 (0.0); LANE D19 (0.0); LANE D21 (0.0); LANE D24 (0.0); LANE D30 (0.0); LANE D54 (0.0); LANE S47 (-0.5); LANE S48 (0.0),,,LANE,LANE D07; LANE D19; LANE D21; LANE D24; LANE D30; LANE D54; LANE S48,2.48,,,,,,,,,,,,,,,,,,,,,,VAOD D15 RNK,,,-13,,,,,,,0,2; VAOD D15 (PDL3); VAOD D41 (PDR2),,,0,,,0,,L,,,,,,VAOD 03,,,,,-25,,,PUNT,,1; VAOD D19 (PDL5),,,,,,,,,0,2,0,0,0,,false,3,2,-2.257,2.897,,false,,,,,,,,,,,,,,,,,,92,,-2.257,2.897,29369_6742673,
6815744,29479,2025-11-15,2025,12,408841,41,1,0,15:00,0,,0,0,0,,,63,0,,,63,0,0,0,0,0,,0,,6815789,,0.00,0,,1,0,,,0,0,,,0,0,,,,,,,,5-5,,LANE D07 (L2); LANE D09 (R4); LANE D10 (L4); LANE D13 (R1); LANE D19 (L3); LANE D21 (R3); LANE D23 (R5); LANE D24 (L5); LANE D27 (R2); LANE D49 (L1); LANE S42 (PK),LANE D07 (0.0); LANE D09 (0.0); LANE D10 (0.0); LANE D13 (0.0); LANE D19 (0.0); LANE D21 (0.0); LANE D23 (0.0); LANE D24 (0.0); LANE D27 (0.0); LANE D49 (0.0); LANE S42 (0.0),,,LANE,0,,,,,,,,,,,-35,,,,,63,,3.73,C,C,,,,,,ALSO 11 (KR-L),MBDR,55,C,C,LANE S42,FAIR CATCH,D,26,4,,,,,ALSO 11,,5-1-3,,,,,ALSO 02 (LB); ALSO 06 (KR-R); ALSO 09 (LF1); ALSO 11 (KR-L); ALSO 18 (MF); ALSO 81 (MB); ALSO 87 (LF2); ALSO D15 (RF1); ALSO D26 (RB); ALSO D43 (MM); ALSO D44 (RF2),ALSO 02 (0.0); ALSO 06 (0.0); ALSO 09 (0.0); ALSO 11 (-1.0); ALSO 18 (0.0); ALSO 81 (0.0); ALSO 87 (0.0); ALSO D15 (0.0); ALSO D26 (0.0); ALSO D43 (0.0); ALSO D44 (0.0),,,ALSO,,,,,,,,,,,,,,,,,,,,,,,,,,,+2,,,,,,,0,,,,0,,,0,,,,,,,,ALSO 06; ALSO 11,,,,,0,,,KICKOFF,,2; LANE D13 (R1); LANE D49 (L1),,,,,,,,,0,,0,0,0,,false,3,3,0.0,1.739,,false,,,,,,,,,,,,,,,,,,65,,0.0,1.739,29479_6815744,
6816216,29479,2025-11-15,2025,12,408841,196,1,0,13:08,0,,0,0,0,,,,0,,,,0,0,0,6,0,,0,6816153,6816295,,6.00,0,,7,0,,,0,0,,,0,0,,,,,,,,5-4,,ALSO D00 (FBL); ALSO D01 (FR2); ALSO D02 (FR1); ALSO D06 (FL1); ALSO D09 (FR4); ALSO D17 (FL2); ALSO D26 (FL6); ALSO D28 (FR3); ALSO D32 (FL3); ALSO D45 (FL4); ALSO D96 (FL5),ALSO D00 (0.0); ALSO D01 (0.0); ALSO D02 (0.0); ALSO D06 (0.0); ALSO D09 (0.0); ALSO D17 (0.0); ALSO D26 (0.0); ALSO D28 (0.0); ALSO D32 (0.0); ALSO D45 (0.0); ALSO D96 (0.0),,,ALSO,0,,,,,,,,,,,+3,,,,,0,,,C,C,,,,,,,,,,,LANE S36,MADE - IR,,,,,,,,,,,,,,,LANE 01 (FRW); LANE 54 (FLT); LANE 55 (FRE); LANE 56 (FRG); LANE 58 (FLG); LANE 59 (FRT); LANE 64 (FLE); LANE D46 (FLW); LANE S33 (H); LANE S36 (FK); LANE S48 (FLS),LANE 01 (0.0); LANE 54 (0.0); LANE 55 (0.0); LANE 56 (0.0); LANE 58 (0.0); LANE 59 (0.0); LANE 64 (0.0); LANE D46 (0.0); LANE S33 (0.0); LANE S36 (0.0); LANE S48 (0.0),,,LANE,LANE 54; LANE 56; LANE 58; LANE 59; LANE 64; LANE D46; LANE S48,,,,,,,,,,,,,,,,,,,,,,,,,,+3,,,,,,,0,,,,0,,,0,,,,,,,,,,,,,+6,,,EXTRA POINT,,3; ALSO D00 (FBL); ALSO D01 (FR2); ALSO D02 (FR1),,,,,,,,,0,9,0,0,0,,false,3,3,0.0,0.0,,false,,,,,,,,,,,,,,,,,,3,1.63,0.0,0.0,29479_6816216,
6816295,29479,2025-11-15,2025,12,408841,216,1,0,13:08,0,,0,7,0,,,63,0,,,63,0,0,0,0,0,,0,6816216,6816391,,7.00,0,,8,0,,,0,0,,,0,0,,,,,,,,5-5,,LANE D07 (L2); LANE D09 (R4); LANE D10 (L4); LANE D13 (R1); LANE D19 (L3); LANE D20 (R2); LANE D21 (R3); LANE D23 (R5); LANE D24 (L5); LANE D49 (L1); LANE S42 (PK),LANE D07 (0.0); LANE D09 (0.0); LANE D10 (0.0); LANE D13 (0.0); LANE D19 (0.0); LANE D20 (0.0); LANE D21 (0.0); LANE D23 (0.0); LANE D24 (0.0); LANE D49 (0.0); LANE S42 (0.0),,,LANE,0,,,,,,,,,,,-35,,,,,40,,3.59,C,C,,,,,,,CC,63,C,C,LANE S42,FAIR CATCH,D,26,4,,,,,,,5-1-3,,,,,ALSO 02 (LB); ALSO 06 (KR-R); ALSO 09 (LF1); ALSO 11 (KR-L); ALSO 18 (MF); ALSO 81 (MB); ALSO 87 (LF2); ALSO D15 (RF1); ALSO D26 (RB); ALSO D43 (MM); ALSO D44 (RF2),ALSO 02 (0.0); ALSO 06 (0.0); ALSO 09 (0.0); ALSO 11 (0.0); ALSO 18 (0.0); ALSO 81 (0.0); ALSO 87 (0.0); ALSO D15 (0.0); ALSO D26 (0.0); ALSO D43 (0.0); ALSO D44 (0.0),,,ALSO,,,,,,,,,,,,,,,,,,,,,,,,,,,+25,,,,,,,0,,,,0,,,0,,,,,,,,ALSO 06; ALSO 11,,,,,-7,,,KICKOFF,,2; LANE D13 (R1); LANE D49 (L1),,,,,,,,,0,12,0,0,0,,false,3,3,0.0,-0.31,,false,,,,,,,,,,,,,,,,,,65,,0.0,-0.31,29479_6816295,
6816950,29479,2025-11-15,2025,12,408841,581,1,4,06:35,0,,0,0,0,,,46,0,,1.42,46,0,0,0,7,0,,0,6816923,6817174,,7.00,0,1.00,22,0,,,0,0,,,0,0,,7; ALSO D11; ALSO D15; ALSO D17; ALSO D25; ALSO D26; ALSO D43; ALSO D44,,,,,,6-1,,ALSO 01 (PR); ALSO D11 (PDL2); ALSO D14 (VRi); ALSO D15 (PDL3); ALSO D16 (VL); ALSO D17 (PDR2); ALSO D19 (VRo); ALSO D25 (PDR3); ALSO D26 (PDR1); ALSO D43 (PLM); ALSO D44 (PDL1),ALSO 01 (0.0); ALSO D11 (0.0); ALSO D14 (0.0); ALSO D15 (0.0); ALSO D16 (0.0); ALSO D17 (0.0); ALSO D19 (0.0); ALSO D25 (0.0); ALSO D26 (0.0); ALSO D43 (0.0); ALSO D44 (0.0),,,ALSO,7,,,,,,,,,,,-24,,,,,46,LANE D21 (GLox); LANE D24 (GLix); LANE D20 (GRa),4.08,R,L,,,,,,LANE S47 (P),CC,46,R,R,LANE S47,FAIR CATCH,A,52,7R,,,,,,,,,,,,LANE 01 (PPL); LANE 82 (PPR); LANE D07 (PLT); LANE D19 (PRG); LANE D20 (GR); LANE D21 (GLo); LANE D24 (GLi); LANE D30 (PLG); LANE D54 (PRT); LANE S47 (P); LANE S48 (PLS),LANE 01 (0.0); LANE 82 (0.0); LANE D07 (0.0); LANE D19 (0.0); LANE D20 (0.0); LANE D21 (0.0); LANE D24 (0.0); LANE D30 (0.0); LANE D54 (0.0); LANE S47 (+0.5); LANE S48 (0.0),,,LANE,LANE D07; LANE D19; LANE D20; LANE D21; LANE D30; LANE D54; LANE S48,2.42,,,,,,,,,,,,,,,,,,,,,,,,,+30,,,,LANE S47,,,0,,,,0,,,0,,L;R,,,,,,ALSO 01,,,,,+7,,,PUNT,,,,,,,,ALSO D19 (VRo); ALSO D16 (VL); ALSO D14 (VRi),,,0,9,0,0,0,,false,3,3,-1.392,0.632,,false,,,,,,,,,,,,,,,,,,76,,-1.392,0.632,29479_6816950,
6817217,29479,2025-11-15,2025,12,408841,689,1,0,05:42,0,,0,0,0,,,,0,,,,0,0,0,13,0,,0,6817199,6817232,,13.00,0,,26,0,,,0,0,,,0,0,,,,,,,,5-4,,ALSO D00 (FBM); ALSO D01 (FR2); ALSO D02 (FR1); ALSO D06 (FL1); ALSO D09 (FR4); ALSO D17 (FL2); ALSO D26 (FL6); ALSO D28 (FR3); ALSO D32 (FL3); ALSO D45 (FL4); ALSO D96 (FL5),ALSO D00 (0.0); ALSO D01 (0.0); ALSO D02 (0.0); ALSO D06 (0.0); ALSO D09 (0.0); ALSO D17 (0.0); ALSO D26 (0.0); ALSO D28 (0.0); ALSO D32 (0.0); ALSO D45 (0.0); ALSO D96 (0.0),,,ALSO,0,,,,,,,,,,,+3,,,,,0,,,C,C,,,,,,,,,,,LANE S36,MADE - M,,,,,,,,,,,,,,,LANE 01 (FRW); LANE 54 (FLT); LANE 55 (FRE); LANE 56 (FRG); LANE 58 (FLG); LANE 59 (FRT); LANE 64 (FLE); LANE D46 (FLW); LANE S33 (H); LANE S36 (FK); LANE S48 (FLS),LANE 01 (0.0); LANE 54 (0.0); LANE 55 (0.0); LANE 56 (0.0); LANE 58 (0.0); LANE 59 (0.0); LANE 64 (0.0); LANE D46 (0.0); LANE S33 (0.0); LANE S36 (0.0); LANE S48 (0.0),,,LANE,LANE 54; LANE 56; LANE 58; LANE 59; LANE 64; LANE D46; LANE S48,,,,,,,,,,,,,,,,,,,,,,,,,,+3,,,,,,,0,,,,0,,,0,,,,,,,,,,,,,+13,,,EXTRA POINT,,3; ALSO D00 (FBM); ALSO D01 (FR2); ALSO D02 (FR1),,,,,,,,,0,20,0,0,0,,false,3,3,0.0,0.0,,false,,,,,,,,,,,,,,,,,,3,1.67,0.0,0.0,29479_6817217,
6817232,29479,2025-11-15,2025,12,408841,709,1,0,05:42,0,,0,14,0,,,62,0,,,62,0,0,0,0,0,,0,6817217,6817250,,14.00,0,,27,0,,,0,0,,,0,0,,,,,,,,5-5,,LANE D07 (L2); LANE D12 (L5); LANE D13 (R1); LANE D19 (L3); LANE D20 (R2); LANE D21 (R3); LANE D23 (R5); LANE D29 (R4); LANE D49 (L1); LANE D54 (L4); LANE S42 (PK),LANE D07 (0.0); LANE D12 (0.0); LANE D13 (0.0); LANE D19 (0.0); LANE D20 (0.0); LANE D21 (0.0); LANE D23 (0.0); LANE D29 (0.0); LANE D49 (0.0); LANE D54 (0.0); LANE S42 (0.0),,,LANE,0,,,,,,,,,,,-35,,,,,40,,3.02,C,C,,,,,,LANE S42 (PK),CC,62,C,C,LANE S42,FAIR CATCH,D,21,4,,,,,,,5-1-3,,,,,ALSO 02 (LB); ALSO 06 (KR-R); ALSO 09 (LF1); ALSO 11 (KR-L); ALSO 18 (MF); ALSO 81 (MB); ALSO 87 (LF2); ALSO D15 (RF1); ALSO D26 (RB); ALSO D43 (MM); ALSO D44 (RF2),ALSO 02 (0.0); ALSO 06 (0.0); ALSO 09 (0.0); ALSO 11 (0.0); ALSO 18 (0.0); ALSO 81 (0.0); ALSO 87 (0.0); ALSO D15 (0.0); ALSO D26 (0.0); ALSO D43 (0.0); ALSO D44 (0.0),,,ALSO,,,,,,,,,,,,,,,,,,,,,,,,,,,+25,,,,,,,0,,,,0,,,0,,,,,,,,ALSO 06; ALSO 11,,,,,-14,,,KICKOFF,,2; LANE D13 (R1); LANE D49 (L1),,,,,,,,,0,10,0,0,0,,false,3,3,0.0,-0.31,,false,,,,,,,,,,,,,,,,,,65,,0.0,-0.31,29479_6817232,
6817913,29479,2025-11-15,2025,12,408841,1094,1,4,00:25,0,,0,0,0,,,38,0,,1.55,38,0,0,0,14,0,,0,6817818,6817999,,14.00,0,1.08,41,0,,,0,0,,,0,0,,8; ALSO D11; ALSO D14; ALSO D15; ALSO D17; ALSO D25; ALSO D26; ALSO D43; ALSO D44,,,,,,7-1,,ALSO 01 (PR); ALSO D11 (PDL3); ALSO D14 (PLM); ALSO D15 (PDL4); ALSO D16 (VL); ALSO D17 (PDR2); ALSO D19 (VR); ALSO D25 (PDR3); ALSO D26 (PDR1); ALSO D43 (PDL2); ALSO D44 (PDL1),ALSO 01 (0.0); ALSO D11 (0.0); ALSO D14 (0.0); ALSO D15 (0.0); ALSO D16 (0.0); ALSO D17 (0.0); ALSO D19 (0.0); ALSO D25 (0.0); ALSO D26 (0.0); ALSO D43 (0.0); ALSO D44 (0.0),,,ALSO,8,,,,,,,,,,,-26,,,,,38,LANE D21 (GLx); LANE D24 (GRa),4.03,R,L,,,,,,LANE S47 (P),OOB,38,R,R,LANE S47,OUT OF BOUNDS,A,53,7R,,,,,,,,,,,,LANE 01 (PPL); LANE 56 (PPRi); LANE 82 (PPRo); LANE D07 (PLT); LANE D19 (PRG); LANE D21 (GL); LANE D24 (GR); LANE D46 (PLG); LANE D54 (PRT); LANE S47 (P); LANE S48 (PLS),LANE 01 (0.0); LANE 56 (0.0); LANE 82 (0.0); LANE D07 (0.0); LANE D19 (0.0); LANE D21 (0.0); LANE D24 (0.0); LANE D46 (0.0); LANE D54 (0.0); LANE S47 (0.0); LANE S48 (0.0),,,LANE,LANE D07; LANE D19; LANE D21; LANE D24; LANE D46; LANE D54; LANE S48,2.63,,,,,,,,,,,,,,,,,,,,,,,,,+36,,,,,,,0,1; ALSO D43 (PDL2),,,0,,,0,,L,,,,,,ALSO 01,,,,,+14,,,PUNT,,,,,,,,ALSO D19 (VR); ALSO D16 (VL),,,0,11,0,0,0,,false,3,3,-1.277,-0.009,,false,,,,,,,,,,,,,,,,,,74,,-1.277,-0.009,29479_6817913,
6819345,29479,2025-11-15,2025,12,408841,1549,2,4,09:43,0,,0,7,0,,,42,0,,1.36,42,0,0,0,14,0,,0,6819331,6819356,5,14.07,0,0.96,58,0,,,0,0,,2,0,0,ALSO D14,8; ALSO D00; ALSO D11; ALSO D15; ALSO D17; ALSO D25; ALSO D26; ALSO D43; ALSO D44,,,,,,7-1,,ALSO D00 (PLM); ALSO D11 (PDL3); ALSO D14 (PR); ALSO D15 (PDL4); ALSO D17 (PDR2); ALSO D19 (VR); ALSO D24 (VL); ALSO D25 (PDR3); ALSO D26 (PDR1); ALSO D43 (PDL2); ALSO D44 (PDL1),ALSO D00 (0.0); ALSO D11 (0.0); ALSO D14 (0.0); ALSO D15 (0.0); ALSO D17 (0.0); ALSO D19 (0.0); ALSO D24 (0.0); ALSO D25 (0.0); ALSO D26 (0.0); ALSO D43 (0.0); ALSO D44 (0.0),,,ALSO,11,,,,,,,,,,,-24,,,,,37,LANE D20 (GLx); LANE D21 (GRa),3.36,C,C,,,,,,LANE D21 (GR); LANE S47 (P); ALSO D14 (PR),CC,42,R,R,LANE S47,RETURNED,A,40,5R,,LANE D21,,,LANE S47,,,,,,,LANE 01 (PPL); LANE 56 (PPRi); LANE 82 (PPRo); LANE D07 (PLT); LANE D19 (PRG); LANE D20 (GL); LANE D21 (GR); LANE D46 (PLG); LANE D54 (PRT); LANE S47 (P); LANE S48 (PLS),LANE 01 (0.0); LANE 56 (0.0); LANE 82 (0.0); LANE D07 (0.0); LANE D19 (0.0); LANE D20 (0.0); LANE D21 (0.0); LANE D46 (0.0); LANE D54 (0.0); LANE S47 (-0.5); LANE S48 (0.0),,,LANE,LANE D07; LANE D19; LANE D20; LANE D21; LANE D46; LANE D54; LANE S48,2.32,,,,,,,,,,,,,,,,,,,,,,,,,+39,,,,,,,0,2; ALSO D43 (PDL2); ALSO D44 (PDL1),,,0,,,0,,L,,,,L,L,ALSO D14,,,,,+7,,,PUNT,,,LANE D21,,,,,ALSO D19 (VR); ALSO D24 (VL),,,0,13,0,0,0,,false,3,2,-1.392,-0.147,,false,,,,,,,,,,,,,,,,,,76,,-1.392,-0.147,29479_6819345,
6823024,29479,2025-11-15,2025,12,408841,2320,3,4,13:07,0,,0,7,0,,,38,0,,1.56,38,0,0,0,14,0,,0,6823021,6823079,,14.07,0,1.03,86,0,,,0,0,,,0,0,,8; ALSO D11; ALSO D14; ALSO D15; ALSO D17; ALSO D25; ALSO D26; ALSO D43; ALSO D44,,,,,,7-1,,ALSO 01 (PR); ALSO D11 (PDL3); ALSO D14 (PLM); ALSO D15 (PDL4); ALSO D17 (PDR2); ALSO D19 (VR); ALSO D24 (VL); ALSO D25 (PDR3); ALSO D26 (PDR1); ALSO D43 (PDL1); ALSO D44 (PDL2),ALSO 01 (0.0); ALSO D11 (0.0); ALSO D14 (0.0); ALSO D15 (0.0); ALSO D17 (0.0); ALSO D19 (0.0); ALSO D24 (0.0); ALSO D25 (0.0); ALSO D26 (0.0); ALSO D43 (0.0); ALSO D44 (0.0),,,ALSO,4,,,,,,,,,,,-31,,,,,38,LANE D21 (GLx); LANE D13 (GRx),4.13,R,L,,,,,,LANE S47 (P),CC,38,R,R,LANE S47,FAIR CATCH,A,45,6R,,,,,,,,,,,,LANE 01 (PPL); LANE 56 (PPRi); LANE 82 (PPRo); LANE D07 (PLT); LANE D10 (PRT); LANE D13 (GR); LANE D19 (PRG); LANE D21 (GL); LANE D30 (PLG); LANE S47 (P); LANE S48 (PLS),LANE 01 (0.0); LANE 56 (0.0); LANE 82 (0.0); LANE D07 (0.0); LANE D10 (0.0); LANE D13 (0.0); LANE D19 (0.0); LANE D21 (0.0); LANE D30 (0.0); LANE S47 (0.0); LANE S48 (0.0),,,LANE,LANE D07; LANE D10; LANE D13; LANE D19; LANE D21; LANE D30; LANE S48,2.59,,,,,,,,,,,,,,,,,,,,,,,,,+31,,,,,,,0,2; ALSO D43 (PDL1); ALSO D44 (PDL2),,,0,,,0,,L,,,,,,ALSO 01,,,,,+7,,,PUNT,,,,,,,,ALSO D19 (VR); ALSO D24 (VL),,,0,10,0,0,0,,false,3,3,-0.984,0.135,,false,,,,,,,,,,,,,,,,,,69,,-0.984,0.135,29479_6823024,
6824071,29479,2025-11-15,2025,12,408841,2662,3,4,08:50,0,,0,14,0,,,45,0,,1.70,45,0,0,0,14,0,,0,6824064,6824113,,14.14,0,0.99,99,0,,,0,0,,,0,0,,8; ALSO D11; ALSO D14; ALSO D15; ALSO D17; ALSO D25; ALSO D26; ALSO D43; ALSO D44,,,,,,4-4,,ALSO 01 (PR); ALSO D11 (PLL); ALSO D14 (PLR2); ALSO D15 (PDL2); ALSO D17 (PLR1); ALSO D19 (VR); ALSO D24 (VL); ALSO D25 (PDR2); ALSO D26 (PDR1); ALSO D43 (PLM); ALSO D44 (PDL1),ALSO 01 (0.0); ALSO D11 (0.0); ALSO D14 (0.0); ALSO D15 (0.0); ALSO D17 (0.0); ALSO D19 (0.0); ALSO D24 (0.0); ALSO D25 (0.0); ALSO D26 (0.0); ALSO D43 (0.0); ALSO D44 (0.0),,,ALSO,29,,,,,,,,,,,-21,,,,,45,LANE D21 (GLx); LANE D24 (GRa),3.94,R,L,,,,,,LANE S47 (P),CC,45,C,C,LANE S47,FAIR CATCH,A,33,4,,,,,LANE S47,,,,,,,LANE 01 (PPL); LANE 56 (PPRi); LANE 82 (PPRo); LANE D07 (PLT); LANE D19 (PRG); LANE D21 (GL); LANE D24 (GR); LANE D46 (PLG); LANE D54 (PRT); LANE S47 (P); LANE S48 (PLS),LANE 01 (0.0); LANE 56 (0.0); LANE 82 (0.0); LANE D07 (0.0); LANE D19 (0.0); LANE D21 (0.0); LANE D24 (0.0); LANE D46 (0.0); LANE D54 (0.0); LANE S47 (-1.0); LANE S48 (0.0),,,LANE,LANE D07; LANE D19; LANE D21; LANE D24; LANE D46; LANE D54; LANE S48,2.69,,,,,,,,,,,,,,,,,,,,,,,,,+34,,,,,,,0,1; ALSO D44 (PDL1),,,0,,,0,,L,,,,,,ALSO 01,,,,,0,,,PUNT,,,,,,,,ALSO D19 (VR); ALSO D24 (VL),,,0,18,0,0,0,,false,3,3,-1.563,0.45,,false,,,,,,,,,,,,,,,,,,79,,-1.563,0.45,29479_6824071,
6824293,29479,2025-11-15,2025,12,408841,3133,3,4,02:42,0,,0,20,0,,,14,0,,1.50,14,0,0,0,14,0,,0,6824282,6824324,,14.20,0,1.04,117,0,,,0,0,,,0,0,,8; ALSO D11; ALSO D14; ALSO D15; ALSO D17; ALSO D25; ALSO D26; ALSO D43; ALSO D44,,,,,,7-1,,ALSO 01 (PR); ALSO D11 (PDL3); ALSO D14 (PLM); ALSO D15 (PDL4); ALSO D17 (PDR2); ALSO D19 (VR); ALSO D24 (VL); ALSO D25 (PDR3); ALSO D26 (PDR1); ALSO D43 (PDL2); ALSO D44 (PDL1),ALSO 01 (0.0); ALSO D11 (0.0); ALSO D14 (0.0); ALSO D15 (0.0); ALSO D17 (0.0); ALSO D19 (0.0); ALSO D24 (0.0); ALSO D25 (0.0); ALSO D26 (0.0); ALSO D43 (0.0); ALSO D44 (0.0),,,ALSO,21,,,,,,,,,,,-31,,,,,14,LANE D21 (GLx); LANE D24 (GRa),4.20,R,L,,,,,,LANE S47 (P),OOB,14,R,R,LANE S47,OUT OF BOUNDS,A,53,7R,,,,,LANE S47,,,,,,,LANE 01 (PPL); LANE 56 (PPRi); LANE 82 (PPRo); LANE D07 (PLT); LANE D19 (PRG); LANE D21 (GL); LANE D24 (GR); LANE D46 (PLG); LANE D54 (PRT); LANE S47 (P); LANE S48 (PLS),LANE 01 (0.0); LANE 56 (0.0); LANE 82 (0.0); LANE D07 (0.0); LANE D19 (0.0); LANE D21 (0.0); LANE D24 (0.0); LANE D46 (0.0); LANE D54 (0.0); LANE S47 (-1.5); LANE S48 (0.0),,,LANE,LANE D07; LANE D19; LANE D21; LANE D24; LANE D46; LANE D54; LANE S48,2.54,,,,,,,,,,,,,,,,,,,,,,,,,-45,,,,,,,0,1; ALSO D43 (PDL2),,,0,,,0,,L,,,,,,ALSO 01,,,,,-6,,,PUNT,,,,,,,,ALSO D19 (VR); ALSO D24 (VL),,,0,16,0,0,0,,false,3,3,-0.984,-1.763,,false,,,,,,,,,,,,,,,,,,69,,-0.984,-1.763,29479_6824293,
6866953,29535,2025-11-22,2025,13,409017,41,1,0,15:00,0,,0,0,0,,,39,0,,,39,0,0,0,0,0,,0,,6866971,,0.00,0,,1,0,,,0,0,,,0,0,,,,,,,,5-5,,LANE D07 (L1); LANE D09 (R4); LANE D10 (L3); LANE D12 (L5); LANE D13 (L4); LANE D19 (L2); LANE D20 (R2); LANE D21 (R3); LANE D23 (R5); LANE D49 (R1); LANE S42 (PK),LANE D07 (0.0); LANE D09 (0.0); LANE D10 (0.0); LANE D12 (0.0); LANE D13 (0.0); LANE D19 (0.0); LANE D20 (0.0); LANE D21 (0.0); LANE D23 (0.0); LANE D49 (0.0); LANE S42 (0.0),,,LANE,0,,,,,,,,,,,-35,,,,,39,,2.75,C,C,,,,,,,CC,39,R,R,LANE S42,FAIR CATCH,P,45,6R,,,,,,,5-3-0,,,,,TXSW 01 (KFB-R); TXSW 02 (RM); TXSW 05 (KR); TXSW 09 (MM); TXSW 11 (KFB-L); TXSW 86 (LM); TXSW D03 (MF); TXSW D10 (LF1); TXSW D28 (LF2); TXSW D45 (RF2); TXSW D56 (RF1),TXSW 01 (0.0); TXSW 02 (0.0); TXSW 05 (0.0); TXSW 09 (0.0); TXSW 11 (0.0); TXSW 86 (0.0); TXSW D03 (0.0); TXSW D10 (0.0); TXSW D28 (0.0); TXSW D45 (0.0); TXSW D56 (0.0),,,TXSW,,,,,,,,,,,,,,,,,,,,,,,,,,,+26,,,,,,,0,,,,0,,,0,,,,,,,,TXSW 05,,,,,0,,,KICKOFF,,2; LANE D10 (L3); LANE D13 (L4),,,,,,,,,0,,0,0,0,,false,3,3,0.0,-1.775,,false,,,,,,,,,,,,,,,,,,65,,0.0,-1.775,29535_6866953,
6867371,29535,2025-11-22,2025,13,409017,408,1,4,09:29,0,,0,0,0,,,47,0,,1.47,47,0,0,0,0,0,,0,6867336,6867535,,0.00,0,0.99,15,0,,,0,0,,,0,0,,8; TXSW D01; TXSW D02; TXSW D12; TXSW D16; TXSW D20; TXSW D29; TXSW D97; TXSW D99,,,,,,4-4,,TXSW 11 (PR); TXSW D01 (PLL1); TXSW D02 (PDL1); TXSW D04 (VR); TXSW D09 (VL); TXSW D12 (PDR1); TXSW D16 (PLL3); TXSW D20 (PLR); TXSW D29 (PLL2); TXSW D97 (PDL2); TXSW D99 (PDR2),TXSW 11 (0.0); TXSW D01 (0.0); TXSW D02 (0.0); TXSW D04 (0.0); TXSW D09 (0.0); TXSW D12 (0.0); TXSW D16 (0.0); TXSW D20 (0.0); TXSW D29 (0.0); TXSW D97 (0.0); TXSW D99 (0.0),,,TXSW,7,,,,,,,,,,,+50,,,,,47,LANE D20 (GLx); LANE 07 (GRa),3.82,R,L,,,,,,LANE 07 (GR); LANE S47 (P); TXSW D09 (VL),KTB,47,R,R,LANE S47,DOWNED,A,48,6R,,,,,LANE S47,,,,,,,LANE 01 (PPL); LANE 07 (GR); LANE 56 (PPRi); LANE 82 (PPRo); LANE D10 (PRG); LANE D19 (PRT); LANE D20 (GL); LANE D30 (PLG); LANE D46 (PLT); LANE S47 (P); LANE S48 (PLS),LANE 01 (0.0); LANE 07 (+0.5); LANE 56 (0.0); LANE 82 (0.0); LANE D10 (0.0); LANE D19 (0.0); LANE D20 (0.0); LANE D30 (0.0); LANE D46 (0.0); LANE S47 (-0.5); LANE S48 (0.0),,,LANE,LANE 07; LANE D10; LANE D19; LANE D20; LANE D30; LANE D46; LANE S48,2.46,,,,,,,,,,,,,,,,,,,,,,,,,+3,,,,LANE 07,,,0,,,,0,,,0,,L,,,,,,TXSW 11,,,,,0,,,PUNT,,,,,,,,TXSW D04 (VR); TXSW D09 (VL),,,0,9,0,0,0,,false,3,3,-1.198,1.467,,false,,,,,,,,,,,,,,,,,,50,,-1.198,1.467,29535_6867371,
6867955,29535,2025-11-22,2025,13,409017,616,1,4,05:51,0,,0,0,0,,,35,0,,1.53,35,0,0,0,0,0,,0,6867917,6868000,,0.00,0,1.00,23,0,,,0,0,,,0,0,,8; TXSW D01; TXSW D02; TXSW D15; TXSW D16; TXSW D23; TXSW D29; TXSW D97; TXSW D99,,,,,,4-4,,TXSW 11 (PR); TXSW D01 (PLL1); TXSW D02 (PDR1); TXSW D04 (VL); TXSW D09 (VR); TXSW D15 (PDL1); TXSW D16 (PLR2); TXSW D23 (PLR1); TXSW D29 (PLL2); TXSW D97 (PDL2); TXSW D99 (PDR2),TXSW 11 (0.0); TXSW D01 (0.0); TXSW D02 (0.0); TXSW D04 (0.0); TXSW D09 (0.0); TXSW D15 (0.0); TXSW D16 (0.0); TXSW D23 (0.0); TXSW D29 (0.0); TXSW D97 (0.0); TXSW D99 (0.0),,,TXSW,8,,,,,,,,,,,+42,,,,,35,LANE D21 (GLx); LANE 07 (GRa),3.64,C,C,,,,,,LANE S47 (P),CC,35,R,R,LANE S47,FAIR CATCH,A,43,5R,,,,,,,,,,,,LANE 01 (PPL); LANE 07 (GR); LANE 82 (PPRo); LANE D10 (PRG); LANE D19 (PRT); LANE D21 (GL); LANE D30 (PLG); LANE D41 (PPRi); LANE D46 (PLT); LANE S47 (P); LANE S48 (PLS),LANE 01 (0.0); LANE 07 (0.0); LANE 82 (0.0); LANE D10 (0.0); LANE D19 (0.0); LANE D21 (0.0); LANE D30 (0.0); LANE D41 (0.0); LANE D46 (0.0); LANE S47 (+0.5); LANE S48 (0.0),,,LANE,LANE 07; LANE D10; LANE D19; LANE D21; LANE D30; LANE D46; LANE S48,2.53,,,,,,,,,,,,,,,,,,,,,,,,,+7,,,,LANE S47,,,0,,,,0,,,0,,L,,,,,,TXSW 11,,,,,0,,,PUNT,,,,,,,,TXSW D04 (VL); TXSW D09 (VR),,,0,12,0,0,0,,false,3,3,-0.712,0.617,,false,,,,,,,,,,,,,,,,,,42,,-0.712,0.617,29535_6867955,
6868405,29535,2025-11-22,2025,13,409017,924,1,4,02:12,0,,0,0,0,,,30,0,,1.28,30,0,0,0,0,0,,0,6868394,6868439,,0.00,0,1.01,35,0,,,0,0,,,0,0,,8; TXSW 09; TXSW D03; TXSW D05; TXSW D10; TXSW D18; TXSW D30; TXSW D36; TXSW D56,,,,,,7-1,,TXSW 09 (PDL1); TXSW 11 (PR); TXSW D03 (PDL2); TXSW D05 (PDR1); TXSW D10 (PLR); TXSW D18 (PDL3); TXSW D20 (VR); TXSW D27 (VL); TXSW D30 (PDL4); TXSW D36 (PDR2); TXSW D56 (PDR3),TXSW 09 (0.0); TXSW 11 (0.0); TXSW D03 (0.0); TXSW D05 (0.0); TXSW D10 (0.0); TXSW D18 (0.0); TXSW D20 (0.0); TXSW D27 (0.0); TXSW D30 (0.0); TXSW D36 (0.0); TXSW D56 (0.0),,,TXSW,13,,,,,,,,,,,+47,,,,,30,LANE D20 (GLx); LANE 07 (GRx),4.05,R,L,,,,,,LANE S47 (P),CC,30,R,R,LANE S47,FAIR CATCH,N,37,5R,,,,,LANE S47,,,,,,,LANE 01 (PPL); LANE 07 (GR); LANE 82 (PPRo); LANE D19 (PRT); LANE D20 (GL); LANE D30 (PLG); LANE D41 (PPRi); LANE D46 (PLT); LANE D54 (PRG); LANE S47 (P); LANE S48 (PLS),LANE 01 (0.0); LANE 07 (0.0); LANE 82 (0.0); LANE D19 (0.0); LANE D20 (0.0); LANE D30 (0.0); LANE D41 (0.0); LANE D46 (0.0); LANE D54 (0.0); LANE S47 (-1.0); LANE S48 (0.0),,,LANE,LANE 07; LANE D19; LANE D20; LANE D30; LANE D46; LANE D54; LANE S48,2.29,,,,,,,,,,,,,,,,,,,,,,,,,+17,,,,,,,0,,,,0,,,0,,L,,,,,,TXSW 11,,,,,0,,,PUNT,,,,,,,,TXSW D27 (VL); TXSW D20 (VR),,,0,13,0,0,0,,false,3,2,-1.017,0.019,,false,,,,,,,,,,,,,,,,,,47,,-1.017,0.019,29535_6868405,
6869239,29535,2025-11-22,2025,13,409017,1468,2,4,10:55,0,,0,3,0,,,46,0,,1.53,46,0,0,0,0,0,15,0,6869203,6869447,1,3.00,0,0.96,55,0,,,0,0,,0,0,0,TXSW 11,6; TXSW 09; TXSW D03; TXSW D05; TXSW D18; TXSW D30; TXSW D56,,,,,,5-1,,TXSW 09 (PDL1); TXSW 11 (PR); TXSW D03 (PLM); TXSW D05 (PDR1); TXSW D10 (VLi); TXSW D18 (PDL2); TXSW D20 (VRo); TXSW D27 (VLo); TXSW D30 (PDL3); TXSW D36 (VRi); TXSW D56 (PDR2),TXSW 09 (0.0); TXSW 11 (0.0); TXSW D03 (0.0); TXSW D05 (0.0); TXSW D10 (0.0); TXSW D18 (0.0); TXSW D20 (0.0); TXSW D27 (0.0); TXSW D30 (0.0); TXSW D36 (0.0); TXSW D56 (-1.5),,,TXSW,12,,,,,,,,,,,-23,,,,,60,LANE D21 (GLox); LANE D07 (GLix); LANE D29 (GRix); LANE D20 (GRox),3.96,R,L,,,,,,LANE D19 (PRT); LANE D30 (PLG); LANE D54 (PRG); LANE S47 (P); TXSW D56 (PDR2),CC,46,R,R,LANE S47,RETURNED,N,44,5R,,LANE D54,,,LANE D54; TXSW D56,,,,,,,LANE 01 (PPL); LANE 82 (PPR); LANE D07 (GLi); LANE D19 (PRT); LANE D20 (GRo); LANE D21 (GLo); LANE D29 (GRi); LANE D30 (PLG); LANE D54 (PRG); LANE S47 (P); LANE S48 (PLS),LANE 01 (0.0); LANE 82 (0.0); LANE D07 (0.0); LANE D19 (0.0); LANE D20 (0.0); LANE D21 (0.0); LANE D29 (0.0); LANE D30 (+0.5); LANE D54 (-0.5); LANE S47 (0.0); LANE S48 (0.0),,,LANE,LANE D07; LANE D19; LANE D20; LANE D21; LANE D30; LANE D54; LANE S48,2.49,,,,,,,,,,,,,,,,,,,,,,TXSW D56 IBB,,,+17,,,,LANE D30,,,0,,,,0,,,0,,L;R,,,,,,TXSW 11,,,,,-3,,,PUNT,,,LANE D30,,,,,TXSW D36 (VRi); TXSW D27 (VLo); TXSW D20 (VRo); TXSW D10 (VLi),,,0,7,0,0,0,,false,3,2,-2.682,1.684,,false,,,,,,,,,,,,,,,,,,77,,-2.682,1.684,29535_6869239,
6870484,29535,2025-11-22,2025,13,409017,2004,2,4,01:50,0,,0,3,0,,,48,0,,1.50,48,0,0,0,0,0,,0,6870465,6870540,,3.00,0,1.00,74,0,,,0,0,,,0,0,,7; TXSW 09; TXSW D03; TXSW D05; TXSW D10; TXSW D30; TXSW D36; TXSW D56,,,,,,5-2,,TXSW 09 (PDL1); TXSW 11 (PR); TXSW D03 (PLL2); TXSW D05 (PDR1); TXSW D10 (PLL1); TXSW D18 (VRi); TXSW D20 (VRo); TXSW D27 (VL); TXSW D30 (PDL2); TXSW D36 (PDR2); TXSW D56 (PDR3),TXSW 09 (+0.5); TXSW 11 (0.0); TXSW D03 (0.0); TXSW D05 (0.0); TXSW D10 (0.0); TXSW D18 (0.0); TXSW D20 (0.0); TXSW D27 (0.0); TXSW D30 (0.0); TXSW D36 (0.0); TXSW D56 (0.0),,,TXSW,6,,,,,,,,,,,-35,,,,,48,LANE D21 (GLox); LANE D29 (GLix); LANE D20 (GRx),2.97,L,R,,,,,,LANE 82 (PPR); LANE S47 (P); TXSW 09 (PDL1),BF,37,L,L,LANE S47,DOWNED,N,16,3L,,,,,LANE 82; LANE S47,,,,,,,LANE 17 (PPL); LANE 82 (PPR); LANE D07 (PLT); LANE D19 (PRT); LANE D20 (GR); LANE D21 (GLo); LANE D29 (GLi); LANE D30 (PLG); LANE D54 (PRG); LANE S47 (P); LANE S48 (PLS),LANE 17 (0.0); LANE 82 (-0.5); LANE D07 (0.0); LANE D19 (0.0); LANE D20 (0.0); LANE D21 (0.0); LANE D29 (0.0); LANE D30 (0.0); LANE D54 (0.0); LANE S47 (-0.5); LANE S48 (0.0),,,LANE,LANE D07; LANE D19; LANE D20; LANE D21; LANE D30; LANE D54; LANE S48,2.50,,,,,,,,,,,,,,,,,,,,,,,,,+17,,,,TXSW 09,,,0,,,,0,,,0,,L;R,,,,,,TXSW 11,,,,,-3,,,PUNT,,,,,,,,TXSW D27 (VL); TXSW D18 (VRi); TXSW D20 (VRo),,,0,9,0,0,0,,false,1,1,-2.059,1.061,,false,,,,,,,,,,,,,,,,,,65,,-2.059,1.061,29535_6870484,
6873123,29535,2025-11-22,2025,13,409017,2775,3,0,07:15,0,,0,10,0,,,,0,,,,0,0,0,6,0,,0,6873115,6873315,,10.06,0,,104,0,,,0,0,,,0,0,,,,,,,,5-4,,TXSW D01 (FBL2); TXSW D02 (FL2); TXSW D04 (FBL1); TXSW D08 (FR3); TXSW D09 (FBR1); TXSW D10 (FBR2); TXSW D12 (FR2); TXSW D20 (FL1); TXSW D45 (FBM); TXSW D46 (FR1); TXSW D88 (FL3),TXSW D01 (0.0); TXSW D02 (0.0); TXSW D04 (0.0); TXSW D08 (0.0); TXSW D09 (0.0); TXSW D10 (0.0); TXSW D12 (0.0); TXSW D20 (0.0); TXSW D45 (0.0); TXSW D46 (0.0); TXSW D88 (0.0),,,TXSW,0,,,,,,,,,,,+3,,,,,0,,,C,C,,,,,,,,,,,LANE S98,MADE - IR,,,,,,,,,,,,,,,LANE 01 (FRW); LANE 52 (FRG); LANE 54 (FLT); LANE 55 (FRE); LANE 58 (FLG); LANE 59 (FRT); LANE 64 (FLE); LANE D46 (FLW); LANE S33 (H); LANE S48 (FLS); LANE S98 (FK),LANE 01 (0.0); LANE 52 (0.0); LANE 54 (0.0); LANE 55 (0.0); LANE 58 (0.0); LANE 59 (0.0); LANE 64 (0.0); LANE D46 (0.0); LANE S33 (0.0); LANE S48 (0.0); LANE S98 (0.0),,,LANE,LANE 52; LANE 54; LANE 55; LANE 58; LANE 59; LANE 64; LANE S48,,,,,,,,,,,,,,,,,,,,,,,,,,+3,,,,,,,0,,,,0,,,0,,,,,,,,,,,,,-4,,,EXTRA POINT,,5; TXSW D01 (FBL2); TXSW D04 (FBL1); TXSW D09 (FBR1); TXSW D10 (FBR2); TXSW D45 (FBM),,,,,,,,,0,15,0,0,0,,false,3,3,0.0,0.0,,false,,,,,,,,,,,,,,,,,,3,1.60,0.0,0.0,29535_6873123,
6873315,29535,2025-11-22,2025,13,409017,2795,3,0,07:15,0,,0,7,0,,,37,0,,,37,0,0,0,10,0,,0,6873123,6873339,,10.07,0,,105,0,,,0,0,,,0,0,,,,,,,,4-6,,LANE D07 (L1); LANE D09 (R4); LANE D13 (L4); LANE D19 (L2); LANE D20 (R2); LANE D21 (R6); LANE D23 (R5); LANE D29 (R3); LANE D49 (R1); LANE D54 (L3); LANE S42 (PK),LANE D07 (0.0); LANE D09 (0.0); LANE D13 (0.0); LANE D19 (0.0); LANE D20 (0.0); LANE D21 (0.0); LANE D23 (0.0); LANE D29 (0.0); LANE D49 (0.0); LANE D54 (0.0); LANE S42 (0.0),,,LANE,0,,,,,,,,,,,-35,,,,,37,,2.87,C,C,,,,,,,CC,37,R,R,LANE S42,FAIR CATCH,P,45,6R,,,,,,,5-3-0,,,,,TXSW 01 (KFB-L); TXSW 02 (LM); TXSW 05 (KR); TXSW 09 (MM); TXSW 11 (KFB-R); TXSW 86 (RM); TXSW D03 (MF); TXSW D10 (RF1); TXSW D28 (RF2); TXSW D45 (LF2); TXSW D56 (LF1),TXSW 01 (0.0); TXSW 02 (0.0); TXSW 05 (0.0); TXSW 09 (0.0); TXSW 11 (0.0); TXSW 86 (0.0); TXSW D03 (0.0); TXSW D10 (0.0); TXSW D28 (0.0); TXSW D45 (0.0); TXSW D56 (0.0),,,TXSW,,,,,,,,,,,,,,,,,,,,,,,,,,,+28,,,,,,,0,,,,0,,,0,,,,,,,,TXSW 05,,,,,+3,,,KICKOFF,,2; LANE D13 (L4); LANE D19 (L2),,,,,,,,,0,,0,0,0,,false,3,3,0.0,-1.939,,false,,,,,,,,,,,,,,,,,,65,,0.0,-1.939,29535_6873315,
6873822,29535,2025-11-22,2025,13,409017,3279,3,4,00:33,0,,0,17,0,,,50,0,,1.40,50,0,0,0,7,0,,0,6873776,6873851,,17.07,0,0.95,124,0,,,0,0,,,0,0,,7; TXSW D02; TXSW D12; TXSW D16; TXSW D23; TXSW D29; TXSW D88; TXSW D99,,,,,,4-3,,TXSW 11 (PR); TXSW D01 (VRi); TXSW D02 (PDR1); TXSW D04 (VRo); TXSW D09 (VL); TXSW D12 (PDL1); TXSW D16 (PLL2); TXSW D23 (PLL1); TXSW D29 (PLR); TXSW D88 (PDR2); TXSW D99 (PDL2),TXSW 11 (0.0); TXSW D01 (0.0); TXSW D02 (0.0); TXSW D04 (0.0); TXSW D09 (0.0); TXSW D12 (0.0); TXSW D16 (0.0); TXSW D23 (0.0); TXSW D29 (0.0); TXSW D88 (0.0); TXSW D99 (0.0),,,TXSW,5,,,,,,,,,,,-45,,,,,50,LANE D18 (GLo); LANE D07 (GLi); LANE D21 (GR),4.10,C,C,,,,,,LANE S47 (P),BF,50,R,R,LANE S47,DOWNED,N,35,5R,,,,,,,,,,,,LANE 17 (PPL); LANE 82 (PPR); LANE D07 (GLi); LANE D18 (GLo); LANE D19 (PRT); LANE D21 (GR); LANE D29 (PRW); LANE D30 (PLG); LANE D54 (PRG); LANE S47 (P); LANE S48 (PLS),LANE 17 (0.0); LANE 82 (0.0); LANE D07 (0.0); LANE D18 (0.0); LANE D19 (0.0); LANE D21 (0.0); LANE D29 (0.0); LANE D30 (0.0); LANE D54 (0.0); LANE S47 (0.0); LANE S48 (0.0),,,LANE,LANE D07; LANE D18; LANE D19; LANE D21; LANE D30; LANE D54; LANE S48,2.35,,,,,,,,,,,,,,,,,,,,,,,,,+5,,,,,,,0,,,,0,,,0,,L;R,,,,,,TXSW 11,,,,,-10,,,PUNT,,,,,,,,TXSW D01 (VRi); TXSW D04 (VRo); TXSW D09 (VL),,,0,20,0,0,0,,false,2,3,-1.493,1.58,,false,,,,,,,,,,,,,,,,,,55,,-1.493,1.58,29535_6873822,
6874403,29535,2025-11-22,2025,13,409017,3877,4,0,07:37,0,,0,24,0,,,,0,,,,0,0,0,13,0,,0,6874389,6874472,,24.13,0,,147,0,,,0,0,,,0,0,,,,,,,,5-4,,TXSW D07 (FBL2); TXSW D08 (FL3); TXSW D10 (FBR2); TXSW D13 (FR3); TXSW D15 (FR2); TXSW D16 (FBM); TXSW D17 (FBR1); TXSW D20 (FL1); TXSW D27 (FBL1); TXSW D29 (FR1); TXSW D35 (FL2),TXSW D07 (0.0); TXSW D08 (0.0); TXSW D10 (0.0); TXSW D13 (0.0); TXSW D15 (0.0); TXSW D16 (0.0); TXSW D17 (0.0); TXSW D20 (0.0); TXSW D27 (0.0); TXSW D29 (0.0); TXSW D35 (0.0),,,TXSW,0,,,,,,,,,,,+3,,,,,0,,,C,C,,,,,,,,,,,LANE S98,MADE - M,,,,,,,,,,,,,,,LANE 01 (FRW); LANE 52 (FRG); LANE 54 (FLT); LANE 55 (FRE); LANE 58 (FLG); LANE 59 (FRT); LANE 64 (FLE); LANE D46 (FLW); LANE S33 (H); LANE S48 (FLS); LANE S98 (FK),LANE 01 (0.0); LANE 52 (0.0); LANE 54 (0.0); LANE 55 (0.0); LANE 58 (0.0); LANE 59 (0.0); LANE 64 (0.0); LANE D46 (0.0); LANE S33 (0.0); LANE S48 (0.0); LANE S98 (0.0),,,LANE,LANE 52; LANE 54; LANE 58; LANE 59; LANE 64; LANE D46; LANE S48,,,,,,,,,,,,,,,,,,,,,,,,,,+3,,,,,,,0,,,,0,,,0,,,,,,,,,,,,,-11,,,EXTRA POINT,,4; TXSW D07 (FBL2); TXSW D10 (FBR2); TXSW D16 (FBM); TXSW D27 (FBL1),,,,,,,,,0,6,0,0,0,,false,2,2,0.0,0.0,,false,,,,,,,,,,,,,,,,,,3,1.72,0.0,0.0,29535_6874403,
6874472,29535,2025-11-22,2025,13,409017,3897,4,0,07:37,0,,0,14,0,,,37,0,,,37,0,0,0,24,0,,0,6874403,6874484,,24.14,0,,148,0,,,0,0,,,0,0,,,,,,,,4-6,,LANE D07 (L1); LANE D09 (R4); LANE D13 (L4); LANE D19 (L2); LANE D20 (R2); LANE D21 (R6); LANE D23 (R5); LANE D29 (R3); LANE D49 (R1); LANE D54 (L3); LANE S42 (PK),LANE D07 (0.0); LANE D09 (0.0); LANE D13 (0.0); LANE D19 (0.0); LANE D20 (0.0); LANE D21 (0.0); LANE D23 (0.0); LANE D29 (0.0); LANE D49 (0.0); LANE D54 (0.0); LANE S42 (0.0),,,LANE,0,,,,,,,,,,,-35,,,,,37,,2.73,C,C,,,,,,,CC,37,L,L,LANE S42,FAIR CATCH,P,9,3L,,,,,,,5-1-2,,,,,TXSW 01 (KFB-R); TXSW 02 (LB); TXSW 05 (KR); TXSW 09 (MM); TXSW 11 (KFB-L); TXSW 86 (RB); TXSW D03 (MF); TXSW D10 (LF1); TXSW D28 (LF2); TXSW D45 (RF2); TXSW D56 (RF1),TXSW 01 (0.0); TXSW 02 (0.0); TXSW 05 (0.0); TXSW 09 (0.0); TXSW 11 (0.0); TXSW 86 (0.0); TXSW D03 (0.0); TXSW D10 (0.0); TXSW D28 (0.0); TXSW D45 (0.0); TXSW D56 (0.0),,,TXSW,,,,,,,,,,,,,,,,,,,,,,,,,,,+28,,,,,,,0,,,,0,,,0,,,,,,,,TXSW 05,,,,,+10,,,KICKOFF,,2; LANE D29 (R3); LANE D49 (R1),,,,,,,,,0,,0,0,0,,false,2,2,0.0,-1.939,,false,,,,,,,,,,,,,,,,,,65,,0.0,-1.939,29535_6874472,
6904911,29578,2025-11-29,2025,14,409080,41,1,0,15:00,0,,0,0,0,,,61,0,,,61,0,0,0,0,0,,0,,6904918,96,0.00,0,,1,0,,,0,0,,,0,0,LASW D15,,,,,,,5-5,,LANE D07 (L2); LANE D08 (R5); LANE D09 (R4); LANE D10 (L4); LANE D13 (R1); LANE D19 (L3); LANE D20 (R2); LANE D21 (R3); LANE D24 (L5); LANE D49 (L1); LANE S42 (PK),LANE D07 (-0.5); LANE D08 (-0.5); LANE D09 (-0.5); LANE D10 (-0.5); LANE D13 (-1.0); LANE D19 (0.0); LANE D20 (-0.5); LANE D21 (-0.5); LANE D24 (-0.5); LANE D49 (0.0); LANE S42 (0.0),,,LANE,0,,,LASW 17 (LF1); LASW D45 (LF2); LANE D21 (R3),,,,,,,,-35,,,,,-35,,3.38,L,R,,,,,,LANE D07 (L2); LANE D08 (R5); LANE D09 (R4); LANE D10 (L4); LANE D13 (R1); LANE D20 (R2); LANE D21 (R3); LANE D24 (L5); LANE S42 (PK); LASW 22 (RB); LASW 24 (KFB-L); LASW 25 (MF); LASW D06 (LB); LASW D15 (KR-R); LASW D26 (RF3); LASW D37 (MB); LASW D45 (LF2); LASW D51 (RF2),CC,61,C,L,LANE S42,RETURNED,D,21,4,,LANE S42,,,LANE D07; LANE D08; LANE D09; LANE D10; LANE D13; LANE D20; LANE D21; LANE D24,,6-0-3,,,,,LASW 17 (LF1); LASW 22 (RB); LASW 24 (KFB-L); LASW 25 (MF); LASW D06 (LB); LASW D15 (KR-R); LASW D26 (RF3); LASW D30 (RF1); LASW D37 (MB); LASW D45 (LF2); LASW D51 (RF2),LASW 17 (0.0); LASW 22 (+1.0); LASW 24 (+0.5); LASW 25 (+0.5); LASW D06 (+0.5); LASW D15 (+1.5); LASW D26 (+0.5); LASW D30 (0.0); LASW D37 (+0.5); LASW D45 (+0.5); LASW D51 (+0.5),,,LASW,,,,,,,,,,,,,,,,,,,,,,,,,,,0,,,,LASW 22; LASW 24; LASW 25; LASW D06; LASW D15; LASW D26; LASW D37; LASW D45; LASW D51,,,0,,,,0,,,0,,,,,,L,L,LASW D15,,,,,0,,,KICKOFF,,3; LANE D08 (R5); LANE D13 (R1); LANE D49 (L1),,,,LASW D15,,,,,0,,0,0,0,,false,3,3,0.0,-7.0,,false,,,,,,,,,,,,,,,,,,65,,0.0,-7.0,29578_6904911,
6905328,29578,2025-11-29,2025,14,409080,207,1,0,13:19,0,,0,7,0,,,,0,,,,0,0,0,6,0,,0,6905281,6905474,,7.06,0,,8,0,,,0,0,,,0,0,,,,,,,,5-4,,LASW D00 (FR3); LASW D02 (FBR); LASW D03 (FR2); LASW D06 (FL2); LASW D07 (FR1); LASW D09 (FL3); LASW D11 (FL1); LASW D44 (FBM); LASW D46 (FBL); LASW D68 (FR4); LASW D93 (FL4),LASW D00 (0.0); LASW D02 (0.0); LASW D03 (0.0); LASW D06 (0.0); LASW D07 (0.0); LASW D09 (0.0); LASW D11 (0.0); LASW D44 (0.0); LASW D46 (0.0); LASW D68 (+1.5); LASW D93 (0.0),,,LASW,0,,,,,,,,,,,+3,,,,,0,,,C,C,,,,,,LANE 54 (FLG); LANE S36 (FK); LASW D68 (FR4),,,,,LANE S36,MISSED - B,,,,,,,,LANE 54,,,,,,,LANE 01 (FRW); LANE 52 (FRG); LANE 54 (FLG); LANE 55 (FRE); LANE 59 (FRT); LANE 64 (FLE); LANE 75 (FLT); LANE D46 (FLW); LANE S33 (H); LANE S36 (FK); LANE S48 (FLS),LANE 01 (0.0); LANE 52 (0.0); LANE 54 (-1.0); LANE 55 (0.0); LANE 59 (0.0); LANE 64 (0.0); LANE 75 (0.0); LANE D46 (0.0); LANE S33 (0.0); LANE S36 (0.0); LANE S48 (0.0),,,LANE,LANE 52; LANE 54; LANE 59; LANE 64; LANE 75; LANE D46; LANE S48,,,,,,,,,,,,,,,,,,,,,,,,,,+3,,,,LASW D68,,,0,,,,0,,,0,,,,,,,,,,,,,-1,,,EXTRA POINT,,4; LASW D02 (FBR); LASW D07 (FR1); LASW D11 (FL1); LASW D44 (FBM),,,,,,,,,0,14,0,0,0,,false,3,2,0.0,-1.0,,false,,,,,,,,,,,,,,,,,,3,1.52,0.0,-1.0,29578_6905328,
6905474,29578,2025-11-29,2025,14,409080,227,1,0,13:19,0,,0,6,0,,,49,0,,,49,0,0,0,7,0,,0,6905328,6905500,17,7.06,0,,9,0,,,0,0,,2,0,0,LASW 22,,,,,,,5-5,,LANE D07 (L2); LANE D08 (R5); LANE D13 (R1); LANE D19 (L3); LANE D20 (R2); LANE D21 (R3); LANE D23 (R4); LANE D24 (L5); LANE D49 (L1); LANE D54 (L4); LANE S42 (PK),LANE D07 (0.0); LANE D08 (0.0); LANE D13 (0.0); LANE D19 (0.0); LANE D20 (0.0); LANE D21 (0.0); LANE D23 (+0.5); LANE D24 (0.0); LANE D49 (0.0); LANE D54 (0.0); LANE S42 (0.0),,,LANE,0,,,LASW 25 (MF); LASW D37 (MB); LANE D08 (R5),,,,,,,,-35,,,,,32,,2.93,C,C,,,,,,LANE D21 (R3); LANE D23 (R4); LASW 17 (LF1); LASW D45 (LF2),CC,49,L,L,LANE S42,RETURNED,P,14,3L,,,,,LASW D45,,6-0-3,,,,,LASW 17 (LF1); LASW 22 (RB); LASW 24 (KFB-L); LASW 25 (MF); LASW D06 (LB); LASW D15 (KR-R); LASW D26 (RF3); LASW D30 (RF1); LASW D37 (MB); LASW D45 (LF2); LASW D51 (RF2),LASW 17 (+0.5); LASW 22 (0.0); LASW 24 (0.0); LASW 25 (0.0); LASW D06 (0.0); LASW D15 (0.0); LASW D26 (0.0); LASW D30 (0.0); LASW D37 (0.0); LASW D45 (-0.5); LASW D51 (0.0),,,LASW,,,,,,,,,,,,,,,,,,,,,,,,,,,+33,,,,LANE D23; LASW 17,,,0,,,,0,,,0,,,,,,C,C,LASW D15,,,,,+1,,,KICKOFF,,2; LANE D13 (R1); LANE D49 (L1),LANE D23,,,,,,,,0,,0,0,0,,false,2,3,0.0,-2.335,,false,,,,,,,,,,,,,,,,,,65,,0.0,-2.335,29578_6905474,
6905868,29578,2025-11-29,2025,14,409080,545,1,0,08:59,0,,0,7,0,,,,0,,,,0,0,0,12,0,,0,6905812,6906039,,7.12,0,,21,0,,,0,0,,,0,0,,,,,,,,5-4,,LASW D02 (FBR); LASW D03 (FL2); LASW D06 (FR2); LASW D10 (FR1); LASW D24 (FL1); LASW D31 (FR3); LASW D44 (FBM); LASW D46 (FBL); LASW D90 (FL4); LASW D95 (FR4); LASW D97 (FL3),LASW D02 (0.0); LASW D03 (0.0); LASW D06 (0.0); LASW D10 (0.0); LASW D24 (0.0); LASW D31 (0.0); LASW D44 (0.0); LASW D46 (0.0); LASW D90 (0.0); LASW D95 (0.0); LASW D97 (0.0),,,LASW,0,,,,,,,,,,,+3,,,,,0,,,C,C,,,,,,LANE S36 (FK),,,,,LANE S36,MADE - M,,,,,,,,,,,,,,,LANE 01 (FRW); LANE 52 (FRG); LANE 54 (FLG); LANE 55 (FRE); LANE 59 (FRT); LANE 64 (FLE); LANE 75 (FLT); LANE D46 (FLW); LANE S33 (H); LANE S36 (FK); LANE S48 (FLS),LANE 01 (0.0); LANE 52 (0.0); LANE 54 (0.0); LANE 55 (0.0); LANE 59 (0.0); LANE 64 (0.0); LANE 75 (0.0); LANE D46 (0.0); LANE S33 (0.0); LANE S36 (0.0); LANE S48 (0.0),,,LANE,LANE 52; LANE 54; LANE 59; LANE 64; LANE 75; LANE D46; LANE S48,,,,,,,,,,,,,,,,,,,,,,,,,,+3,,,,,,,0,,,,0,,,0,,,,,,,,,,,,,+5,,,EXTRA POINT,,5; LASW D02 (FBR); LASW D10 (FR1); LASW D24 (FL1); LASW D44 (FBM); LASW D46 (FBL),,,,,,,,,0,15,0,0,0,,false,3,2,0.0,0.0,,false,,,,,,,,,,,,,,,,,,3,1.57,0.0,0.0,29578_6905868,
6906039,29578,2025-11-29,2025,14,409080,565,1,0,08:59,0,,0,13,0,,,46,0,,,46,0,0,0,7,0,,0,6905868,6906073,10,7.13,0,,22,0,,,0,0,,7,0,0,LASW 22,,,,,,,5-5,,LANE D07 (L2); LANE D08 (R5); LANE D13 (R1); LANE D19 (L3); LANE D20 (R2); LANE D21 (R3); LANE D23 (R4); LANE D24 (L5); LANE D49 (L1); LANE D54 (L4); LANE S42 (PK),LANE D07 (0.0); LANE D08 (0.0); LANE D13 (0.0); LANE D19 (0.0); LANE D20 (0.0); LANE D21 (0.0); LANE D23 (0.0); LANE D24 (0.0); LANE D49 (0.0); LANE D54 (0.0); LANE S42 (0.0),,,LANE,0,,,LASW 17 (LF1); LASW D45 (LF2); LANE D21 (R3),,,,,,,,-35,,,,,36,,3.00,C,C,,,,,,,CC,46,L,L,LANE S42,RETURNED,P,6,2L,,,,,,,6-0-3,,,,,LASW 17 (LF1); LASW 22 (RB); LASW 24 (KFB-L); LASW 25 (MF); LASW D06 (LB); LASW D15 (KR-R); LASW D26 (RF3); LASW D30 (RF1); LASW D37 (MB); LASW D45 (LF2); LASW D51 (RF2),LASW 17 (0.0); LASW 22 (0.0); LASW 24 (0.0); LASW 25 (0.0); LASW D06 (0.0); LASW D15 (0.0); LASW D26 (0.0); LASW D30 (0.0); LASW D37 (0.0); LASW D45 (0.0); LASW D51 (0.0),,,LASW,,,,,,,,,,,,,,,,,,,,,,,,,,,+29,,,,,,,0,,,,0,,,0,,,,,,C,C,LASW D15,,,,,-6,,,KICKOFF,,3; LANE D13 (R1); LANE D21 (R3); LANE D49 (L1),LANE D08,LANE D13,,,,,,,0,,0,0,0,,false,2,3,0.0,-2.02,,false,,,,,,,,,,,,,,,,,,65,,0.0,-2.02,29578_6906039,
6907043,29578,2025-11-29,2025,14,409080,1330,2,4,13:01,0,,0,14,0,,,37,0,,,37,0,0,0,13,0,,0,6907025,6907200,,14.13,0,,50,0,,,0,0,,,0,0,,,,,,,,5-4,,LASW D00 (FL3); LASW D02 (FBR); LASW D03 (FR2); LASW D06 (FL2); LASW D07 (FR1); LASW D09 (FR3); LASW D11 (FL1); LASW D44 (FBM); LASW D46 (FBL); LASW D68 (FL4); LASW D93 (FR4),LASW D00 (0.0); LASW D02 (0.0); LASW D03 (0.0); LASW D06 (0.0); LASW D07 (0.0); LASW D09 (0.0); LASW D11 (0.0); LASW D44 (0.0); LASW D46 (0.0); LASW D68 (0.0); LASW D93 (0.0),,,LASW,8,,,,,,,,,,,+19,,,,,-1,,,L,R,,,,,,LANE S36 (FK),,,,,LANE S36,MISSED - S,,,,,,,,LANE S36,,,,,,,LANE 01 (FRW); LANE 52 (FRG); LANE 54 (FLG); LANE 55 (FRE); LANE 59 (FRT); LANE 64 (FLE); LANE 75 (FLT); LANE D46 (FLW); LANE S33 (H); LANE S36 (FK); LANE S48 (FLS),LANE 01 (0.0); LANE 52 (0.0); LANE 54 (0.0); LANE 55 (0.0); LANE 59 (0.0); LANE 64 (0.0); LANE 75 (0.0); LANE D46 (0.0); LANE S33 (0.0); LANE S36 (-1.0); LANE S48 (0.0),,,LANE,LANE 52; LANE 54; LANE 59; LANE 64; LANE 75; LANE D46; LANE S48,,,,,,,,,,,,,,,,,,,,,,,,,,+20,,,,,,,0,,,,0,,,0,,,,,,,,,,,,,-1,,,FIELD GOAL,,4; LASW D02 (FBR); LASW D07 (FR1); LASW D11 (FL1); LASW D46 (FBL),,,,,,,,,0,10,0,0,0,,false,3,2,1.891,-3.154,,false,,,,,,,,,,,,,,,,,,19,1.62,1.891,-3.154,29578_6907043,
6908979,29578,2025-11-29,2025,14,409080,2339,2,4,00:10,0,,0,17,0,,,31,0,,1.80,31,0,0,0,13,0,,0,6908904,6909034,,17.13,0,1.00,88,0,,,0,0,,,0,0,,10; LASW 19; LASW 85; LASW D11; LASW D20; LASW D21; LASW D26; LASW D37; LASW D44; LASW D45; LASW D51,,,,,,7-3,,LASW 00 (PR); LASW 19 (PLR2); LASW 85 (PDR1); LASW D11 (PLL); LASW D20 (PLR1); LASW D21 (PDL2); LASW D26 (PDR2); LASW D37 (PDL3); LASW D44 (PDL4); LASW D45 (PDL1); LASW D51 (PDR3),LASW 00 (0.0); LASW 19 (0.0); LASW 85 (0.0); LASW D11 (0.0); LASW D20 (0.0); LASW D21 (0.0); LASW D26 (0.0); LASW D37 (0.0); LASW D44 (0.0); LASW D45 (0.0); LASW D51 (0.0),,,LASW,11,,,,,,,,,,,-37,,,,,31,,3.95,R,L,,,,,,LANE S47 (P); LANE S48 (PLS),CC,31,R,R,LANE S47,FAIR CATCH,A,52,7R,,,,,LANE S47; LANE S48,,,,,,,LANE 01 (PPL); LANE 82 (PPRo); LANE D07 (PLT); LANE D19 (PRT); LANE D21 (PRW); LANE D24 (PLW); LANE D30 (PLG); LANE D41 (PPRi); LANE D54 (PRG); LANE S47 (P); LANE S48 (PLS),LANE 01 (0.0); LANE 82 (0.0); LANE D07 (0.0); LANE D19 (0.0); LANE D21 (0.0); LANE D24 (0.0); LANE D30 (0.0); LANE D41 (0.0); LANE D54 (0.0); LANE S47 (-0.5); LANE S48 (-0.5),,,LANE,LANE D07; LANE D19; LANE D21; LANE D24; LANE D30; LANE D54; LANE S48,2.80,,,,,,,,,,,,,,,,,,,,,,,,,+32,,,,,,,0,,,,0,,,0,,L,,,,,,LASW 00,,,,,-4,,,PUNT,,,,,,,,,,,0,22,0,0,0,,false,2,0,-1.949,-0.309,,false,,,,,,,,,,,,,,,,,,63,,-1.949,-0.309,29578_6908979,
6909873,29578,2025-11-29,2025,14,409080,2576,3,4,12:23,0,,0,17,0,,,35,0,,1.36,35,0,0,0,13,0,,0,6909853,6909990,1,17.13,0,1.02,97,0,,,0,0,,0,0,0,LASW 00,7; LASW 19; LASW 85; LASW D26; LASW D37; LASW D44; LASW D45; LASW D51,,,,,,6-1,,LASW 00 (PR); LASW 19 (PDL2); LASW 85 (PDR1); LASW D11 (VLo); LASW D20 (VR); LASW D21 (VLi); LASW D26 (PLR); LASW D37 (PDL3); LASW D44 (PDL4); LASW D45 (PDL1); LASW D51 (PDR2),LASW 00 (0.0); LASW 19 (0.0); LASW 85 (0.0); LASW D11 (0.0); LASW D20 (0.0); LASW D21 (0.0); LASW D26 (0.0); LASW D37 (0.0); LASW D44 (0.0); LASW D45 (0.0); LASW D51 (0.0),,,LASW,12,,,,,,,,,,,-48,,,,,34,LANE D21 (GLa); LANE 07 (GRx),3.88,R,L,,,,,,LANE D19 (PRT); LANE D30 (PLG); LANE S47 (P),CC,35,C,C,LANE S47,RETURNED,A,31,4,,,,,LANE S47,,,,,,,LANE 01 (PPL); LANE 07 (GR); LANE 82 (PPRo); LANE D19 (PRT); LANE D21 (GL); LANE D30 (PLG); LANE D41 (PPRi); LANE D46 (PLT); LANE D54 (PRG); LANE S47 (P); LANE S48 (PLS),LANE 01 (0.0); LANE 07 (0.0); LANE 82 (0.0); LANE D19 (+0.5); LANE D21 (0.0); LANE D30 (+0.5); LANE D41 (0.0); LANE D46 (0.0); LANE D54 (0.0); LANE S47 (-0.5); LANE S48 (0.0),,,LANE,LANE 07; LANE D19; LANE D21; LANE D30; LANE D46; LANE D54; LANE S48,2.38,,,,,,,,,,,,,,,,,,,,,,,,,+18,,,,LANE D19; LANE D30,,,0,1; LASW D21 (VLi),,,0,,,0,,L,,,,,,LASW 00,,,,,-4,,,PUNT,,1; LASW D37 (PDL3),LANE D19,LANE D30,,,,LASW D11 (VLo); LASW D20 (VR),,,0,,0,0,0,,false,3,3,-1.317,0.23,,false,,,,,,,,,,,,,,,,,,52,,-1.317,0.23,29578_6909873,
6910504,29578,2025-11-29,2025,14,409080,3183,3,4,03:13,0,,0,17,0,,,48,0,,1.44,48,0,0,0,13,0,,0,6910488,6910576,,17.13,0,1.00,120,0,,,0,0,,,0,0,,8; LASW 19; LASW 85; LASW D21; LASW D26; LASW D37; LASW D44; LASW D45; LASW D51,,,,,,8-0,,LASW 00 (PR); LASW 19 (PDL3); LASW 85 (PDR1); LASW D11 (VL); LASW D20 (VR); LASW D21 (PDL2); LASW D26 (PDR2); LASW D37 (PDL4); LASW D44 (PDL5); LASW D45 (PDL1); LASW D51 (PDR3),LASW 00 (0.0); LASW 19 (0.0); LASW 85 (0.0); LASW D11 (0.0); LASW D20 (0.0); LASW D21 (0.0); LASW D26 (0.0); LASW D37 (0.0); LASW D44 (0.0); LASW D45 (0.0); LASW D51 (0.0),,,LASW,7,,,,,,,,,,,+48,,,,,28,LANE D21 (GLa); LANE D24 (GRx),3.35,C,C,,,,,,LANE S47 (P),BF,41,L,L,LANE S47,TOUCHBACK,N,15,3L,,,,,,,,,,,,LANE 01 (PPL); LANE 82 (PPRo); LANE D07 (PLT); LANE D19 (PRT); LANE D21 (GL); LANE D24 (GR); LANE D41 (PPRi); LANE D46 (PLG); LANE D54 (PRG); LANE S47 (P); LANE S48 (PLS),LANE 01 (0.0); LANE 82 (0.0); LANE D07 (0.0); LANE D19 (0.0); LANE D21 (0.0); LANE D24 (0.0); LANE D41 (0.0); LANE D46 (0.0); LANE D54 (0.0); LANE S47 (0.0); LANE S48 (0.0),,,LANE,LANE D07; LANE D19; LANE D21; LANE D24; LANE D46; LANE D54; LANE S48,2.44,,,,,,,,,,,,,,,,,,,,,,,,,+20,,,,,,,0,,,,0,,,0,,L,,,,,,LASW 00,,,,,-4,,,PUNT,,1; LASW D37 (PDL4),,,,,,LASW D11 (VL); LASW D20 (VR),,,0,10,0,0,0,,false,3,3,-1.077,-0.186,,false,,,,,,,,,,,,,,,,,,48,,-1.077,-0.186,29578_6910504,
6910843,29578,2025-11-29,2025,14,409080,3450,4,0,14:50,0,,0,17,0,,,,0,,,,0,0,0,19,0,,0,6910766,6910872,,17.19,0,,130,0,,,0,0,,,0,0,,,,,,,,5-4,,LASW D02 (FBR); LASW D03 (FL2); LASW D06 (FR2); LASW D07 (FR1); LASW D11 (FL1); LASW D17 (FR3); LASW D41 (FL4); LASW D44 (FBM); LASW D46 (FBL); LASW D90 (FL3); LASW D91 (FR4),LASW D02 (0.0); LASW D03 (0.0); LASW D06 (0.0); LASW D07 (0.0); LASW D11 (0.0); LASW D17 (0.0); LASW D41 (0.0); LASW D44 (0.0); LASW D46 (0.0); LASW D90 (0.0); LASW D91 (0.0),,,LASW,0,,,,,,,,,,,+3,,,,,0,,,C,C,,,,,,LANE S47 (FK),,,,,LANE S47,MADE - IL,,,,,,,,,,,,,,,LANE 01 (FRW); LANE 52 (FRG); LANE 55 (FRE); LANE 59 (FRT); LANE 62 (FLT); LANE 64 (FLE); LANE 75 (FLG); LANE D46 (FLW); LANE S33 (H); LANE S47 (FK); LANE S48 (FLS),LANE 01 (0.0); LANE 52 (0.0); LANE 55 (0.0); LANE 59 (0.0); LANE 62 (0.0); LANE 64 (0.0); LANE 75 (0.0); LANE D46 (0.0); LANE S33 (0.0); LANE S47 (0.0); LANE S48 (0.0),,,LANE,LANE 52; LANE 59; LANE 62; LANE 64; LANE 75; LANE D46; LANE S48,,,,,,,,,,,,,,,,,,,,,,,,,,+3,,,,,,,0,,,,0,,,0,,,,,,,,,,,,,+2,,,EXTRA POINT,,2; LASW D02 (FBR); LASW D46 (FBL),,,,,,,,,0,15,0,0,0,,false,3,3,0.0,0.0,,false,,,,,,,,,,,,,,,,,,3,1.43,0.0,0.0,29578_6910843,
6910872,29578,2025-11-29,2025,14,409080,3470,4,0,14:50,0,,0,20,0,,,50,0,,,50,0,0,0,17,0,,0,6910843,6910937,,17.20,0,,131,0,,,0,0,,,0,0,,,,,,,,5-5,,LANE D07 (L1); LANE D08 (R5); LANE D13 (L3); LANE D19 (L2); LANE D21 (R3); LANE D23 (R4); LANE D24 (L5); LANE D29 (R2); LANE D49 (R1); LANE D54 (L4); LANE S42 (PK),LANE D07 (0.0); LANE D08 (0.0); LANE D13 (0.0); LANE D19 (0.0); LANE D21 (0.0); LANE D23 (0.0); LANE D24 (0.0); LANE D29 (0.0); LANE D49 (0.0); LANE D54 (0.0); LANE S42 (0.0),,,LANE,0,,,,,,,,,,,-35,,,,,50,,3.12,C,C,,,,,,,CC,50,R,R,LANE S42,FAIR CATCH,P,44,5R,,,,,,,6-0-3,,,,,LASW 17 (LF1); LASW 22 (RB); LASW 24 (KFB-L); LASW 25 (MF); LASW D06 (LB); LASW D15 (KR-R); LASW D26 (RF3); LASW D30 (RF1); LASW D37 (MB); LASW D45 (LF2); LASW D51 (RF2),LASW 17 (0.0); LASW 22 (0.0); LASW 24 (0.0); LASW 25 (0.0); LASW D06 (0.0); LASW D15 (0.0); LASW D26 (0.0); LASW D30 (0.0); LASW D37 (0.0); LASW D45 (0.0); LASW D51 (0.0),,,LASW,,,,,,,,,,,,,,,,,,,,,,,,,,,+15,,,,,,,0,,,,0,,,0,,,,,,,,LASW D15,,,,,-3,,,KICKOFF,,2; LANE D13 (L3); LANE D49 (R1),,,,,,,,,0,,0,0,0,,false,3,3,0.0,-0.82,,false,,,,,,,,,,,,,,,,,,65,,0.0,-0.82,29578_6910872,
6911234,29578,2025-11-29,2025,14,409080,3797,4,0,09:32,0,,0,24,0,,,,0,,,,0,0,0,26,0,,0,6911216,6911322,,24.26,0,,144,0,,,0,0,,,0,0,,,,,,,,5-4,,LASW D00 (FL3); LASW D02 (FBR); LASW D03 (FL2); LASW D06 (FR2); LASW D08 (FBL); LASW D09 (FR3); LASW D10 (FR1); LASW D11 (FL1); LASW D44 (FBM); LASW D68 (FL4); LASW D93 (FR4),LASW D00 (0.0); LASW D02 (0.0); LASW D03 (0.0); LASW D06 (0.0); LASW D08 (0.0); LASW D09 (0.0); LASW D10 (0.0); LASW D11 (0.0); LASW D44 (0.0); LASW D68 (0.0); LASW D93 (0.0),,,LASW,0,,,,,,,,,,,+3,,,,,0,,,C,C,,,,,,LANE S47 (FK),,,,,LANE S47,MADE - IL,,,,,,,,,,,,,,,LANE 01 (FRW); LANE 52 (FRG); LANE 55 (FRE); LANE 59 (FRT); LANE 62 (FLT); LANE 64 (FLE); LANE 75 (FLG); LANE D46 (FLW); LANE S33 (H); LANE S47 (FK); LANE S48 (FLS),LANE 01 (0.0); LANE 52 (0.0); LANE 55 (0.0); LANE 59 (0.0); LANE 62 (0.0); LANE 64 (0.0); LANE 75 (0.0); LANE D46 (0.0); LANE S33 (0.0); LANE S47 (0.0); LANE S48 (0.0),,,LANE,LANE 52; LANE 59; LANE 62; LANE 64; LANE 75; LANE D46; LANE S48,,,,,,,,,,,,,,,,,,,,,,,,,,+3,,,,,,,0,,,,0,,,0,,,,,,,,,,,,,+2,,,EXTRA POINT,,4; LASW D02 (FBR); LASW D08 (FBL); LASW D10 (FR1); LASW D11 (FL1),,,,,,,,,0,14,0,0,0,,false,3,3,0.0,0.0,,false,,,,,,,,,,,,,,,,,,3,1.57,0.0,0.0,29578_6911234,
6911322,29578,2025-11-29,2025,14,409080,3817,4,0,09:32,0,,0,27,0,,,41,0,,,41,0,0,0,24,0,,0,6911234,6911356,-2,24.27,0,,145,0,,,0,0,,1,0,0,LASW D06,,,,,,,5-5,,LANE D07 (L2); LANE D08 (R5); LANE D13 (R1); LANE D19 (L3); LANE D20 (R2); LANE D23 (R4); LANE D24 (L5); LANE D29 (R3); LANE D49 (L1); LANE D54 (L4); LANE S42 (PK),LANE D07 (0.0); LANE D08 (+0.5); LANE D13 (0.0); LANE D19 (0.0); LANE D20 (+0.5); LANE D23 (0.0); LANE D24 (0.0); LANE D29 (0.0); LANE D49 (0.0); LANE D54 (0.0); LANE S42 (0.0),,,LANE,0,,,,,,,,,,,-35,,,,,43,,2.97,C,C,,,,,,LANE D08 (R5); LANE D20 (R2); LASW 25 (MF),CC,41,R,R,LANE S42,RETURNED,P,51,6R,,,,,LASW 25,,6-0-3,,,,,LASW 17 (LF1); LASW 22 (RB); LASW 24 (KFB-L); LASW 25 (MF); LASW D06 (LB); LASW D15 (KR-R); LASW D26 (RF3); LASW D30 (RF1); LASW D37 (MB); LASW D45 (LF2); LASW D51 (RF2),LASW 17 (0.0); LASW 22 (0.0); LASW 24 (0.0); LASW 25 (-0.5); LASW D06 (0.0); LASW D15 (0.0); LASW D26 (0.0); LASW D30 (0.0); LASW D37 (0.0); LASW D45 (0.0); LASW D51 (0.0),,,LASW,,,,,,,,,,,,,,,,,,,,,,,,,,,+22,,,,LANE D08; LANE D20,,,0,,,,0,,,0,,,,,,C,C,LASW D15,,,,,-3,,,KICKOFF,,2; LANE D19 (L3); LANE D49 (L1),LANE D20,LANE D08,,,,,,,0,,0,0,0,,false,3,3,0.0,-1.436,,false,,,,,,,,,,,,,,,,,,65,,0.0,-1.436,29578_6911322,
6911995,29578,2025-11-29,2025,14,409080,4308,4,4,01:48,0,,0,27,0,,,46,0,,1.68,46,0,0,0,27,0,,0,6911972,6912040,,27.27,0,1.03,164,0,,,0,0,,,0,0,,7; LASW 19; LASW 85; LASW D26; LASW D37; LASW D44; LASW D45; LASW D51,,,,,,4-3,,LASW 00 (PR); LASW 19 (PLL); LASW 85 (PDR1); LASW D11 (VLo); LASW D20 (VR); LASW D21 (VLi); LASW D26 (PLR); LASW D37 (PDL2); LASW D44 (PLM); LASW D45 (PDL1); LASW D51 (PDR2),LASW 00 (0.0); LASW 19 (0.0); LASW 85 (0.0); LASW D11 (0.0); LASW D20 (0.0); LASW D21 (0.0); LASW D26 (0.0); LASW D37 (0.0); LASW D44 (0.0); LASW D45 (0.0); LASW D51 (0.0),,,LASW,6,,,,,,,,,,,-43,,,,,46,LANE D08 (GLx); LANE D29 (GRa),3.86,R,L,,,,,,LANE S47 (P),CC,46,R,R,LANE S47,FAIR CATCH,A,45,6R,,,,,,,,,,,,LANE 01 (PPL); LANE 82 (PPRo); LANE D07 (PLT); LANE D08 (GL); LANE D19 (PRT); LANE D29 (GR); LANE D41 (PPRi); LANE D46 (PLG); LANE D54 (PRG); LANE S47 (P); LANE S48 (PLS),LANE 01 (0.0); LANE 82 (0.0); LANE D07 (0.0); LANE D08 (0.0); LANE D19 (0.0); LANE D29 (0.0); LANE D41 (0.0); LANE D46 (0.0); LANE D54 (0.0); LANE S47 (0.0); LANE S48 (0.0),,,LANE,LANE D07; LANE D08; LANE D19; LANE D29; LANE D46; LANE D54; LANE S48,2.71,,,,,,,,,,,,,,,,,,,,,,,,,+11,,,,,,,0,,,,0,,,0,,L,,,,,,LASW 00,,,,,0,,,PUNT,,2; LASW D37 (PDL2); LASW D44 (PLM),,,,,,LASW D11 (VLo); LASW D20 (VR); LASW D21 (VLi),,,0,,0,0,0,,false,1,2,-1.609,1.151,,false,,,,,,,,,,,,,,,,,,57,,-1.609,1.151,29578_6911995,
